run,trial,status,reason,score,metric_version,maximize,validation_rows,source_sha256
jubias-pair-001-analogy-256b6bd9-6a19-4ffb-ba27-6df516483f0b,trial0001,eligible,,0.9084869301017314,jubias-continuous-auc-v1,True,90244,6450892b874dc401b64636d0029590fb1de6d8e34fa81c372e49317194745297
jubias-pair-001-analogy-256b6bd9-6a19-4ffb-ba27-6df516483f0b,trial0002,eligible,,0.8999535613051385,jubias-continuous-auc-v1,True,90244,f1920a81c051104b7f850450b960f74c5b060fb475b3094bd0f4c818420a7690
jubias-pair-001-analogy-256b6bd9-6a19-4ffb-ba27-6df516483f0b,trial0003,eligible,,0.9025183321162389,jubias-continuous-auc-v1,True,90244,a9225fd0a17cf14472626570beb6518a9321d28b003c34c30d42c247571ce02f
jubias-pair-001-analogy-256b6bd9-6a19-4ffb-ba27-6df516483f0b,trial0004,eligible,,0.9096843999648938,jubias-continuous-auc-v1,True,90244,60161bc9b7272ff083c44a24cc8635ce642a6d884f740f86189246acf8559fb8
jubias-pair-001-analogy-256b6bd9-6a19-4ffb-ba27-6df516483f0b,trial0005,eligible,,0.9089520423449852,jubias-continuous-auc-v1,True,90244,ee7d76192fed09824125416ab5cbf2be988609629b7eb28e6558905e83f705e4
jubias-pair-001-analogy-256b6bd9-6a19-4ffb-ba27-6df516483f0b,trial0006,eligible,,0.908806778821369,jubias-continuous-auc-v1,True,90244,3305db5d1f179ffeabc499ffcc95cd04083ee586936796b399125710870647fd
jubias-pair-001-analogy-256b6bd9-6a19-4ffb-ba27-6df516483f0b,trial0007,eligible,,0.9108353078322378,jubias-continuous-auc-v1,True,90244,bdb63a1a6c135e7bc73051dffa9ea2ce797c0f7fed399de99fea66966f6160ed
jubias-pair-001-baseline-44e0ae1e-6af8-43bd-a941-c7d230dca3f7,trial0001,eligible,,0.9326766186837974,jubias-continuous-auc-v1,True,90244,377fd0c8971c55051c093c49238b80a6d3f37cf59823982319361b8c29f04ca5
jubias-pair-001-baseline-44e0ae1e-6af8-43bd-a941-c7d230dca3f7,trial0002,eligible,,0.9323591074565946,jubias-continuous-auc-v1,True,90244,2a864e4e7adced06046519b75a56814a38753303d35b781db03b2ce48137f330
jubias-pair-001-baseline-44e0ae1e-6af8-43bd-a941-c7d230dca3f7,trial0003,excluded,not_completed,,,,,
jubias-pair-001-baseline-44e0ae1e-6af8-43bd-a941-c7d230dca3f7,trial0004,excluded,not_completed,,,,,
jubias-pair-001-baseline-44e0ae1e-6af8-43bd-a941-c7d230dca3f7,trial0005,excluded,not_completed,,,,,
jubias-pair-001-baseline-44e0ae1e-6af8-43bd-a941-c7d230dca3f7,trial0006,eligible,,0.9316780698849123,jubias-continuous-auc-v1,True,90244,286a6095a5e41b7e974853ec6755ebca7836b7f2f9e3410d28e8a32c13dab035
jubias-pair-001-baseline-44e0ae1e-6af8-43bd-a941-c7d230dca3f7,trial0007,eligible,,0.934333971890816,jubias-continuous-auc-v1,True,90244,bb3f1670e2ed4d7596c72b68ecd6fff8028ba8c1a3208e4d77bfbefa4a143466
jubias-pair-001-baseline-44e0ae1e-6af8-43bd-a941-c7d230dca3f7,trial0008,excluded,not_completed,,,,,
jubias-pair-001-baseline-44e0ae1e-6af8-43bd-a941-c7d230dca3f7,trial0009,excluded,not_completed,,,,,
jubias-pair-001-baseline-44e0ae1e-6af8-43bd-a941-c7d230dca3f7,trial0010,eligible,,0.9358543468615581,jubias-continuous-auc-v1,True,90244,f6c0b1891bf025d089870f8d52688fc5550843157106b184bdbb7331ce0f530b
jubias-pair-001-baseline-44e0ae1e-6af8-43bd-a941-c7d230dca3f7,trial0011,eligible,,0.9360125114721569,jubias-continuous-auc-v1,True,90244,3a8e05618d2df57f5ac04153bcdc1b5e47494601b953e6b41148fa238c38cec3
jubias-pair-002-analogy-750393d4-d146-487c-8f0f-f0ff710ff006,trial0001,eligible,,0.9314192883192232,jubias-continuous-auc-v1,True,90244,b7d99f312999a296cacd7de526b94270eed0cf7cb4275fabbce3441bd12a6c28
jubias-pair-002-analogy-750393d4-d146-487c-8f0f-f0ff710ff006,trial0002,eligible,,0.8826742375703629,jubias-continuous-auc-v1,True,90244,29879b834ca0c8bc0e3a39303aa821a59c9311f38a281c82aeb7ecf607818aa9
jubias-pair-002-analogy-750393d4-d146-487c-8f0f-f0ff710ff006,trial0003,eligible,,0.9311948041975047,jubias-continuous-auc-v1,True,90244,df81fd3d8899f0655641053fa4cabec8232e3bdfe0f0c6e05474ea33e8ba9e29
jubias-pair-002-analogy-750393d4-d146-487c-8f0f-f0ff710ff006,trial0004,eligible,,0.9323819562877338,jubias-continuous-auc-v1,True,90244,89dc153e5b5b3694bb39681dc49a14e096b80dea8b665de9a8c65919d727ba65
jubias-pair-002-analogy-750393d4-d146-487c-8f0f-f0ff710ff006,trial0005,excluded,not_completed,,,,,
jubias-pair-002-analogy-750393d4-d146-487c-8f0f-f0ff710ff006,trial0006,eligible,,0.9325001978347817,jubias-continuous-auc-v1,True,90244,fab816c1670dcaa0256c18e79f68ca439afed0d852be59bb431cd324546c36e9
jubias-pair-002-analogy-750393d4-d146-487c-8f0f-f0ff710ff006,trial0007,eligible,,0.9336031618632092,jubias-continuous-auc-v1,True,90244,cc7db41adf6abe6679c63da13329304577b0748b5f37f7dabd2b0601ed15e278
jubias-pair-002-analogy-750393d4-d146-487c-8f0f-f0ff710ff006,trial0008,eligible,,0.9334652398755172,jubias-continuous-auc-v1,True,90244,2b3ed9ef56a3889468dd4874df065c4496cecb4fa3777a84b62c0b37743066fe
jubias-pair-002-analogy-750393d4-d146-487c-8f0f-f0ff710ff006,trial0009,eligible,,0.9345511403187701,jubias-continuous-auc-v1,True,90244,4420bd434fc5b6620f235a3573f3ec7ac1be65c067d1fce51404223deae23180
jubias-pair-002-analogy-750393d4-d146-487c-8f0f-f0ff710ff006,trial0010,eligible,,0.9339689237479627,jubias-continuous-auc-v1,True,90244,32fd6fb22bacced784016ee771900af48faccb6e73aec5f9e2e344e3df9dc15e
jubias-pair-002-analogy-750393d4-d146-487c-8f0f-f0ff710ff006,trial0011,eligible,,0.9346535963991982,jubias-continuous-auc-v1,True,90244,63e36b3087f2f84117ad27ef5ad8e6b5b40a2f3052ca56a5079d31acfe7dc454
jubias-pair-002-analogy-750393d4-d146-487c-8f0f-f0ff710ff006,trial0012,eligible,,0.9327458401978355,jubias-continuous-auc-v1,True,90244,9d1fe4b9db3e8928f7b473b8430e22a1a43eebb4eaf934a274e2acc4ab4b900c
jubias-pair-002-analogy-750393d4-d146-487c-8f0f-f0ff710ff006,trial0013,eligible,,0.9343335735309221,jubias-continuous-auc-v1,True,90244,94d650cbeb25fe298fcf48c62d9756a2fb7f64b032e1e9076e2bab767496c432
jubias-pair-002-analogy-750393d4-d146-487c-8f0f-f0ff710ff006,trial0014,eligible,,0.9358625435779211,jubias-continuous-auc-v1,True,90244,d0dacc681c9bab1bc3ef3b936695cc9344564abed5fa6df55d6e5d353e709b39
jubias-pair-002-analogy-750393d4-d146-487c-8f0f-f0ff710ff006,trial0015,eligible,,0.9361441997283003,jubias-continuous-auc-v1,True,90244,8f36974862110788307fe6b885ccd0c7c87e1c11040c7ed2bcce3aa9980e02fe
jubias-pair-002-analogy-750393d4-d146-487c-8f0f-f0ff710ff006,trial0016,eligible,,0.9360224777505657,jubias-continuous-auc-v1,True,90244,6807a4df06b298b0530bee81b0e9a0743055deb03a8cc927e386ec0904889ac8
jubias-pair-002-analogy-750393d4-d146-487c-8f0f-f0ff710ff006,trial0017,eligible,,0.9358206995122432,jubias-continuous-auc-v1,True,90244,fbe19704b3dd3ddb9ee055b746cb0b86324b0ae93a48b796bf42790d414f8fdd
jubias-pair-002-baseline-97784c12-1daf-4f23-930a-3c856920f958,trial0001,eligible,,0.9273388959743409,jubias-continuous-auc-v1,True,90244,95a06a25763f3a61a766cfef484622e0b7779bd63e12fe362bc7d555ef9b03ac
jubias-pair-002-baseline-97784c12-1daf-4f23-930a-3c856920f958,trial0002,eligible,,0.9275278444925803,jubias-continuous-auc-v1,True,90244,ac1cd61534bcd25617bbe03591cc360225ea5d8c677f29485bb87aae137e0e45
jubias-pair-002-baseline-97784c12-1daf-4f23-930a-3c856920f958,trial0003,eligible,,0.9267101637008555,jubias-continuous-auc-v1,True,90244,beb540bd26eb959a8d93ba4453da09cd5294abf2f077fb90f1ef591a5b425187
jubias-pair-002-baseline-97784c12-1daf-4f23-930a-3c856920f958,trial0004,eligible,,0.9244669442806717,jubias-continuous-auc-v1,True,90244,71386490e5cdc978d7d4a38bddba98986ef4db976526ed840d7acbb30bf2eefd
jubias-pair-002-baseline-97784c12-1daf-4f23-930a-3c856920f958,trial0005,eligible,,0.9265881044210111,jubias-continuous-auc-v1,True,90244,76960421057fb23d5ec18132f75ab3b32c4337562314a1182b5e002368e241c1
jubias-pair-002-baseline-97784c12-1daf-4f23-930a-3c856920f958,trial0006,eligible,,0.9269910538011865,jubias-continuous-auc-v1,True,90244,d98ebfe320b3535d75f685c8cfb616558aa79a2860cb115289239887c3411423
jubias-pair-002-baseline-97784c12-1daf-4f23-930a-3c856920f958,trial0007,excluded,not_completed,,,,,
jubias-pair-002-baseline-97784c12-1daf-4f23-930a-3c856920f958,trial0008,eligible,,0.928233877324377,jubias-continuous-auc-v1,True,90244,be9d0940d90df3aa87d79e44d0017a986b587b94769d595b91967b2b94ec6509
jubias-pair-002-baseline-97784c12-1daf-4f23-930a-3c856920f958,trial0009,eligible,,0.9290932704576663,jubias-continuous-auc-v1,True,90244,65702080c256adff5c2e5c074b1150d4cb668ecbd81eb4885a1849cfb4bd5d6f
jubias-pair-003-analogy-289ef6cc-7122-4b20-a6df-6da2767d0636,trial0001,eligible,,0.9058042545946556,jubias-continuous-auc-v1,True,90244,f2a029991f8c3f7831474ad8ac602acd80f7a81ec9a59cac4cef2bd268a1d241
jubias-pair-003-analogy-289ef6cc-7122-4b20-a6df-6da2767d0636,trial0002,excluded,not_completed,,,,,
jubias-pair-003-analogy-289ef6cc-7122-4b20-a6df-6da2767d0636,trial0003,excluded,not_completed,,,,,
jubias-pair-003-analogy-289ef6cc-7122-4b20-a6df-6da2767d0636,trial0004,eligible,,0.903721252551024,jubias-continuous-auc-v1,True,90244,bef594f2b191a0902f0436527e65affecf938ab589eef740ee482dc61ea463c3
jubias-pair-003-analogy-289ef6cc-7122-4b20-a6df-6da2767d0636,trial0005,eligible,,0.9041429129508406,jubias-continuous-auc-v1,True,90244,d903bc8632fe79bede10b96326a0fa6dc0480f03882dd934b03c246c648012b0
jubias-pair-003-analogy-289ef6cc-7122-4b20-a6df-6da2767d0636,trial0006,eligible,,0.9061322199833196,jubias-continuous-auc-v1,True,90244,fa11ddcc180a308ccacd5728490074edc29dfaed65ab88395a4beb48c604770c
jubias-pair-003-analogy-289ef6cc-7122-4b20-a6df-6da2767d0636,trial0007,eligible,,0.906199492691036,jubias-continuous-auc-v1,True,90244,94252be34d6b2da7396328bcd069b4b1ef36f958af7f37620071029ac98e59a5
jubias-pair-003-analogy-289ef6cc-7122-4b20-a6df-6da2767d0636,trial0008,eligible,,0.9093808951219173,jubias-continuous-auc-v1,True,90244,9078eac49d3bfd26238f2a5e4ef93b32c1d33377176959615c9f1a83cd5a8a2a
jubias-pair-003-analogy-289ef6cc-7122-4b20-a6df-6da2767d0636,trial0009,eligible,,0.9116808430656576,jubias-continuous-auc-v1,True,90244,0aba0e686645ce2e6ee72d8b3a457be7514e42880087a3683f5e0896ba63e0c0
jubias-pair-003-analogy-289ef6cc-7122-4b20-a6df-6da2767d0636,trial0010,excluded,not_completed,,,,,
jubias-pair-003-baseline-529c8229-3944-4383-ad99-83c2b9d671d1,trial0001,excluded,not_completed,,,,,
jubias-pair-003-baseline-529c8229-3944-4383-ad99-83c2b9d671d1,trial0002,eligible,,0.9322431342340165,jubias-continuous-auc-v1,True,90244,60b74ecd2d5c6862dd078102fedf65b68434a438cb36a25f609f62cfcd69a36a
jubias-pair-003-baseline-529c8229-3944-4383-ad99-83c2b9d671d1,trial0003,eligible,,0.9320933364033412,jubias-continuous-auc-v1,True,90244,b067939d38758282c87084e439cc81edec503ab00e354795743a84db2ef1c2bd
jubias-pair-003-baseline-529c8229-3944-4383-ad99-83c2b9d671d1,trial0004,eligible,,0.9333547826801202,jubias-continuous-auc-v1,True,90244,722cdcef9a023ec22c89f20e6295be5053205119d0c33c693289ebd09e0867cf
jubias-pair-003-baseline-529c8229-3944-4383-ad99-83c2b9d671d1,trial0005,eligible,,0.9314249350640715,jubias-continuous-auc-v1,True,90244,5f32469726abd0c9f2c3a5577ab4c31b2183e590433b5161d89bd7802f23cb97
jubias-pair-003-baseline-529c8229-3944-4383-ad99-83c2b9d671d1,trial0006,eligible,,0.9321849853349483,jubias-continuous-auc-v1,True,90244,2162d9361c3b87cabb69d7d24dc33e70472842f2d0c4cc90783ea3212e3ca082
jubias-pair-003-baseline-529c8229-3944-4383-ad99-83c2b9d671d1,trial0007,eligible,,0.9313282687724421,jubias-continuous-auc-v1,True,90244,3570d6aa1a8f06674f1d82ed2324281d763a7aaf6879b7927e55cbe8d9a119f7
jubias-pair-003-baseline-529c8229-3944-4383-ad99-83c2b9d671d1,trial0008,eligible,,0.9346300921875077,jubias-continuous-auc-v1,True,90244,77ebf0699d9eea6a9cb7efc3772ed9434ef68174821ef3a0d6866d7852864a1b
jubias-pair-003-baseline-529c8229-3944-4383-ad99-83c2b9d671d1,trial0009,eligible,,0.9323330203338569,jubias-continuous-auc-v1,True,90244,4cf8fe6f21fdcc2191303e4b134a6a4c75b25071b468e5a2cef98faa1b0fd75d
jubias-pair-003-baseline-529c8229-3944-4383-ad99-83c2b9d671d1,trial0010,eligible,,0.9358558232992791,jubias-continuous-auc-v1,True,90244,bdc70702cfd32a4bc9f4031799547e63ce8e7c830f165437ea35e537e944b8ed
jubias-pair-003-baseline-529c8229-3944-4383-ad99-83c2b9d671d1,trial0011,eligible,,0.9358895147481735,jubias-continuous-auc-v1,True,90244,34492fe0ad115851abaf735953f4e4d4b107895f988e0ed01394619d1d2acb78
jubias-pair-003-baseline-529c8229-3944-4383-ad99-83c2b9d671d1,trial0012,eligible,,0.9350825507983942,jubias-continuous-auc-v1,True,90244,713e73615e6b573450c39092fceec916e922980fc4047952277becf4cf127f32
jubias-pair-003-baseline-529c8229-3944-4383-ad99-83c2b9d671d1,trial0013,eligible,,0.9370834719988334,jubias-continuous-auc-v1,True,90244,432a6cfcdae4deabae72bcd8e8e2cbd5f6d8faee39989257c651f66048e27570
jubias-pair-003-baseline-529c8229-3944-4383-ad99-83c2b9d671d1,trial0014,eligible,,0.9360655829275247,jubias-continuous-auc-v1,True,90244,cc602896d7fcd36124639a9a73cc81fe5868412fae4d1dfd63ac0783e6b20165
jubias-pair-003-baseline-529c8229-3944-4383-ad99-83c2b9d671d1,trial0015,eligible,,0.9360306484026887,jubias-continuous-auc-v1,True,90244,e01b950ad18d7587073a9c3267748816b547266d2338bec55203e6fb3828e626
jubias-pair-003-baseline-529c8229-3944-4383-ad99-83c2b9d671d1,trial0016,eligible,,0.9380315705811114,jubias-continuous-auc-v1,True,90244,c9df7eafd7cc9bdd21fee5448d5bff0e8b62be0a479080b5c9d20b0cf94d3237
jubias-pair-003-baseline-529c8229-3944-4383-ad99-83c2b9d671d1,trial0017,eligible,,0.9378569631202053,jubias-continuous-auc-v1,True,90244,29c892281d4e9091edb509c9f79c17e3cf961e6d4173b340aac4d00123bfe2e0
jubias-pair-004-analogy-1d27d282-3a8c-483b-a230-06143ca33405,trial0001,eligible,,0.9219654350264859,jubias-continuous-auc-v1,True,90244,ce336c0f89108c8a6d9904d6e3cb250c382f89e55924ce63e6c9d0f6b95bf72c
jubias-pair-004-analogy-f9fd19d9-60e2-46ca-a494-870de58cddc4,trial0001,eligible,,0.9214640027818326,jubias-continuous-auc-v1,True,90244,b1b36c7437527c31d16cab10ca79c466ac853cdee2c0d8fc1fa584b028a7c0a6
jubias-pair-004-analogy-f9fd19d9-60e2-46ca-a494-870de58cddc4,trial0002,eligible,,0.918439033490121,jubias-continuous-auc-v1,True,90244,98ab6135de18dd0ba68f1b9919adf36d0e3da445904add101af66d22047f9961
jubias-pair-004-analogy-f9fd19d9-60e2-46ca-a494-870de58cddc4,trial0003,eligible,,0.9255356042534203,jubias-continuous-auc-v1,True,90244,faf1b7b0039357f500a5d4cff06e092489a358798025905950f4fd27882f928f
jubias-pair-004-analogy-f9fd19d9-60e2-46ca-a494-870de58cddc4,trial0004,eligible,,0.92245217031264,jubias-continuous-auc-v1,True,90244,8f98658b88fff24027b0b8e081f90125591da0a67b2a7c3f53d6431b579dd66a
jubias-pair-004-analogy-f9fd19d9-60e2-46ca-a494-870de58cddc4,trial0005,eligible,,0.9277349557377056,jubias-continuous-auc-v1,True,90244,7344601f29f39548bbfa0137c7f078353617542a8b146d8d05e480eb7cbce592
jubias-pair-004-analogy-f9fd19d9-60e2-46ca-a494-870de58cddc4,trial0006,eligible,,0.9279466799771108,jubias-continuous-auc-v1,True,90244,9d2bd42ada1f43ce6e88c4621e4b8ef5853608a312e62cbc46fc2ae1ac95a764
jubias-pair-004-analogy-f9fd19d9-60e2-46ca-a494-870de58cddc4,trial0007,eligible,,0.9300078115838777,jubias-continuous-auc-v1,True,90244,5046d1b3b8b2f70bba832f1dccee679a0f5694d5e2068350e7e5b08c6c7ca372
jubias-pair-004-analogy-f9fd19d9-60e2-46ca-a494-870de58cddc4,trial0008,eligible,,0.9301635572935515,jubias-continuous-auc-v1,True,90244,43dac7d32aa6468028da2d18b0d5657ffc3dd48055a0a82452d9056e78116645
jubias-pair-004-analogy-f9fd19d9-60e2-46ca-a494-870de58cddc4,trial0009,eligible,,0.929745491488245,jubias-continuous-auc-v1,True,90244,8e7605264b30c6b38a7db7a09f21ea3fbb55c1128d8dfac956136f4800118ed4
jubias-pair-004-analogy-f9fd19d9-60e2-46ca-a494-870de58cddc4,trial0010,eligible,,0.9268522150354142,jubias-continuous-auc-v1,True,90244,a7ddcf12aecbf267594b40843c93acc9deef022a0fb2d63eccca620c98b46f1d
jubias-pair-004-analogy-f9fd19d9-60e2-46ca-a494-870de58cddc4,trial0011,eligible,,0.9303607097997396,jubias-continuous-auc-v1,True,90244,21f06fa5a39e2dbf3dbee16608b445569666d53f1ea11b14bcbc66af6722e635
jubias-pair-004-analogy-f9fd19d9-60e2-46ca-a494-870de58cddc4,trial0012,eligible,,0.9283972295859805,jubias-continuous-auc-v1,True,90244,6e4c734d63eb581f4cc3690e52d4d77fdac324f47690f12d87151a7afcd17b13
jubias-pair-004-analogy-f9fd19d9-60e2-46ca-a494-870de58cddc4,trial0013,eligible,,0.9300643919423567,jubias-continuous-auc-v1,True,90244,db405c7b27749c248a4536e77c4acebe0de26efa5030d7017accc7ac9d2927f3
jubias-pair-004-baseline-0b96a385-1ed1-46ab-a40a-6748936a9a03,trial0001,eligible,,0.9252556592052869,jubias-continuous-auc-v1,True,90244,25611f196e3abcce895203cf3e0c2ff13b46bd97cdbd291d733e9ea15d48d9f7
jubias-pair-004-baseline-0b96a385-1ed1-46ab-a40a-6748936a9a03,trial0002,excluded,not_completed,,,,,
jubias-pair-004-baseline-7cbc6d0e-1c6f-4092-a51e-69d2c716e82c,trial0001,eligible,,0.9293879581356607,jubias-continuous-auc-v1,True,90244,6c64d4a16d0c503238e40c20368f06db25333f55ac168c58e68c2b86c59bd881
jubias-pair-004-baseline-7cbc6d0e-1c6f-4092-a51e-69d2c716e82c,trial0002,eligible,,0.9295433638279614,jubias-continuous-auc-v1,True,90244,1cd850329d5ec22ece8f21dddd04236f7de71f354bb731f814bcac3c9c37ae21
jubias-pair-004-baseline-7cbc6d0e-1c6f-4092-a51e-69d2c716e82c,trial0003,eligible,,0.9296578800574087,jubias-continuous-auc-v1,True,90244,c6251d06a9718a0dd880edff28e843b78bf3adc32e89118160f3ddc9bca22e49
jubias-pair-004-baseline-7cbc6d0e-1c6f-4092-a51e-69d2c716e82c,trial0004,eligible,,0.9301335387647922,jubias-continuous-auc-v1,True,90244,4c2dcc782a53b4dc1b9aafb564ca7ca652bb29a08c3bf982c8f95751e22656a5
jubias-pair-004-baseline-7cbc6d0e-1c6f-4092-a51e-69d2c716e82c,trial0005,eligible,,0.9328310643278843,jubias-continuous-auc-v1,True,90244,0f2a201b663b9569a26597a1f385e7716f8ea567724742a2da7e49354afbd025
jubias-pair-004-baseline-7cbc6d0e-1c6f-4092-a51e-69d2c716e82c,trial0006,eligible,,0.9305725891864948,jubias-continuous-auc-v1,True,90244,a861cf7ac12eb23270d2c824b0c5db0002c98cccdb9472afed4839da7da5de94
jubias-pair-004-baseline-7cbc6d0e-1c6f-4092-a51e-69d2c716e82c,trial0007,eligible,,0.9284441055540724,jubias-continuous-auc-v1,True,90244,af906ea288de66f1967cf32827be647de410cbfeed20f637efbdc83adbae2994
jubias-pair-004-baseline-7cbc6d0e-1c6f-4092-a51e-69d2c716e82c,trial0008,eligible,,0.9301333699064264,jubias-continuous-auc-v1,True,90244,671dec852ccd21e60c6c697091c2c0ba2d7a8d55e8fad1156b4979a176b7889b
jubias-pair-004-baseline-7cbc6d0e-1c6f-4092-a51e-69d2c716e82c,trial0009,eligible,,0.9290623419354693,jubias-continuous-auc-v1,True,90244,1796fd5189ec10d2843e540fac34498cc98fa3680e9cad633916f19fefa6869a
jubias-pair-004-baseline-7cbc6d0e-1c6f-4092-a51e-69d2c716e82c,trial0010,eligible,,0.9304945441704489,jubias-continuous-auc-v1,True,90244,8684be045aa7097b3b4711af3ba99ef9af12e0515ed3f4ab0d77809bdd4e9cc8
jubias-pair-004-baseline-7cbc6d0e-1c6f-4092-a51e-69d2c716e82c,trial0011,eligible,,0.929431127964361,jubias-continuous-auc-v1,True,90244,5b6f92079fe75df55fc31d8db8493eb963f903528e9b4d3460b5a6f0f2b41599
jubias-pair-004-baseline-7cbc6d0e-1c6f-4092-a51e-69d2c716e82c,trial0012,eligible,,0.9293754029043331,jubias-continuous-auc-v1,True,90244,a018511e984c7fa0620cb6f186a885a607167559000efceb8ac0647f2eee7550
jubias-pair-004-baseline-7cbc6d0e-1c6f-4092-a51e-69d2c716e82c,trial0013,eligible,,0.9339415935347811,jubias-continuous-auc-v1,True,90244,8b0e5a9527f0324bda494a19f40de277e1a5de9e8dbeece663b017c14386e015
jubias-pair-004-baseline-7cbc6d0e-1c6f-4092-a51e-69d2c716e82c,trial0014,eligible,,0.9303724167368896,jubias-continuous-auc-v1,True,90244,f44c1e07b5f709a3e57d3d27ab62a6cd6e380b8f3df55b4a0310a84a94c85bd1
jubias-pair-004-baseline-7cbc6d0e-1c6f-4092-a51e-69d2c716e82c,trial0015,eligible,,0.9292614931224055,jubias-continuous-auc-v1,True,90244,fb842fe862ef24e9699d8404e95a377fd613db885046ca427982a8e28ab967bb
jubias-pair-004-baseline-7cbc6d0e-1c6f-4092-a51e-69d2c716e82c,trial0016,eligible,,0.9305927884344865,jubias-continuous-auc-v1,True,90244,e15285042520e1ce5a67cc1d7ad3d3c0446c7b8161920c3d8f2ba9534a119a0e
jubias-pair-005-analogy-221d48b3-c95c-4646-bdd6-924c1fd1d22f,trial0001,excluded,not_completed,,,,,
jubias-pair-005-analogy-63fda2a5-3525-4c7c-b338-70771f48db71,trial0001,eligible,,0.9221997996577689,jubias-continuous-auc-v1,True,90244,2ba439fa3a3763c382303d492969ac9b144a44c3fe3ea5c32cf0966ec08224f3
jubias-pair-005-analogy-63fda2a5-3525-4c7c-b338-70771f48db71,trial0002,eligible,,0.9199738066095571,jubias-continuous-auc-v1,True,90244,1e8d3c56e2b73ebce04d49f3fb7614797a83c7316b0516bb817867cf4ebb2584
jubias-pair-005-analogy-63fda2a5-3525-4c7c-b338-70771f48db71,trial0003,eligible,,0.9215465729320171,jubias-continuous-auc-v1,True,90244,a7e89cde25fdedd55adc852a503a8ba55a0b1b465fa96deffd17693e9503070a
jubias-pair-005-analogy-63fda2a5-3525-4c7c-b338-70771f48db71,trial0004,eligible,,0.9256954826648474,jubias-continuous-auc-v1,True,90244,9c9faf1618a021e637723b7b41272a791df578d93ac7f8c710390a5646a419c4
jubias-pair-005-analogy-63fda2a5-3525-4c7c-b338-70771f48db71,trial0005,eligible,,0.08659625823081404,jubias-continuous-auc-v1,True,90244,2073d45992861f6b01b067966dadfb2d571a11749ec35ec9fe6f7896f3a42dc5
jubias-pair-005-analogy-63fda2a5-3525-4c7c-b338-70771f48db71,trial0006,eligible,,0.9250300185218012,jubias-continuous-auc-v1,True,90244,97e778e6eeb5d64abfa38c07bfc0de72aed0fdbab602763c655296ca2d439f40
jubias-pair-005-analogy-63fda2a5-3525-4c7c-b338-70771f48db71,trial0007,eligible,,0.92570579675108,jubias-continuous-auc-v1,True,90244,9f5d5b081ef92949c3aa2a58a3919b3cfcc9564309c5cefa62733d00c0c4914c
jubias-pair-005-analogy-63fda2a5-3525-4c7c-b338-70771f48db71,trial0008,eligible,,0.9243005427864824,jubias-continuous-auc-v1,True,90244,090f7c6aae0f413ab63c239c26ecea97775dbefbbaec0ec283fa3199c8771374
jubias-pair-005-analogy-63fda2a5-3525-4c7c-b338-70771f48db71,trial0009,eligible,,0.9248443219245003,jubias-continuous-auc-v1,True,90244,8ccb3fcd0d9ffe42e198ec058dd0ac3a017346bc336e12f50d6d77348ed5ae2c
jubias-pair-005-analogy-63fda2a5-3525-4c7c-b338-70771f48db71,trial0010,excluded,not_completed,,,,,
jubias-pair-005-analogy-63fda2a5-3525-4c7c-b338-70771f48db71,trial0011,eligible,,0.9126493108420327,jubias-continuous-auc-v1,True,90244,6b8f29e144291d4bd04cbb7dea43575164461d8faf8753f04a302ca4605361c4
jubias-pair-005-analogy-63fda2a5-3525-4c7c-b338-70771f48db71,trial0012,eligible,,0.9269619479789843,jubias-continuous-auc-v1,True,90244,19c1ee9516418686f8009d329768064432d0563024b89cfa0944ba795f2762d5
jubias-pair-005-analogy-63fda2a5-3525-4c7c-b338-70771f48db71,trial0013,eligible,,0.9266457493011974,jubias-continuous-auc-v1,True,90244,27f71edcd05fe5956b23f128433f305300b779af56d8cab05de9a6316252864d
jubias-pair-005-analogy-63fda2a5-3525-4c7c-b338-70771f48db71,trial0014,eligible,,0.9269619479789843,jubias-continuous-auc-v1,True,90244,fbfbe314186c04ba7e28247b27a54699791c64292c55c908b9f26a85e32453dd
jubias-pair-005-analogy-63fda2a5-3525-4c7c-b338-70771f48db71,trial0015,eligible,,0.9268678094734162,jubias-continuous-auc-v1,True,90244,0a2e9cf7097cc1a9784e5336ad44867d2e412d5a0174538a254a376eb94efbef
jubias-pair-005-analogy-63fda2a5-3525-4c7c-b338-70771f48db71,trial0016,eligible,,0.9263565054607245,jubias-continuous-auc-v1,True,90244,ff4e1d8863288975e02e1e57197360a2819bc7d05fcd13eab8ded872e55c2bf7
jubias-pair-005-baseline-cf3aa6fa-d637-47c0-82a7-f1993a3fd7b6,trial0001,excluded,not_completed,,,,,
jubias-pair-005-baseline-cf3aa6fa-d637-47c0-82a7-f1993a3fd7b6,trial0002,eligible,,0.9278830593738895,jubias-continuous-auc-v1,True,90244,1f75d281fcfe44be3599d28718e429d1a96cf50d6ee58b8986b31519167b7049
jubias-pair-005-baseline-cf3aa6fa-d637-47c0-82a7-f1993a3fd7b6,trial0003,eligible,,0.9312531400305868,jubias-continuous-auc-v1,True,90244,74a6222a59e9d0264e69f2ae9ae21d95687d0c4bbe066f0f82e0cf09e1ba6c1c
jubias-pair-005-baseline-cf3aa6fa-d637-47c0-82a7-f1993a3fd7b6,trial0004,eligible,,0.9316910593626424,jubias-continuous-auc-v1,True,90244,c64f642c077b6991e8e821f0e02446860a456e89eb10873426e7495b034f09de
jubias-pair-005-baseline-cf3aa6fa-d637-47c0-82a7-f1993a3fd7b6,trial0005,eligible,,0.9304157190624303,jubias-continuous-auc-v1,True,90244,f34ee08fae1957459448ca9c8d223cd5ef2247e0837809fbd1a1040a19ab5d3f
jubias-pair-005-baseline-cf3aa6fa-d637-47c0-82a7-f1993a3fd7b6,trial0006,eligible,,0.9317719440811741,jubias-continuous-auc-v1,True,90244,2444f14e580ff5aeef5347372ce8ca02a73ac4529cd03da5aaf67fbd9c45602b
jubias-pair-005-baseline-cf3aa6fa-d637-47c0-82a7-f1993a3fd7b6,trial0007,eligible,,0.9320664570948036,jubias-continuous-auc-v1,True,90244,aad2e798de8ea0486e7a37daa5831ac2ac8fd24e529989f16c12bd90ffcb4960
jubias-pair-005-baseline-cf3aa6fa-d637-47c0-82a7-f1993a3fd7b6,trial0008,eligible,,0.9304989860816651,jubias-continuous-auc-v1,True,90244,a11271985159576891db651e69aa8e795bade32c72f5012352c52c75a82f352b
jubias-pair-005-baseline-cf3aa6fa-d637-47c0-82a7-f1993a3fd7b6,trial0009,eligible,,0.9307397655748567,jubias-continuous-auc-v1,True,90244,bbaa1edddfc68271f3849aeb10572238e3b28a6acfeecf108f295046b186a4b4
jubias-pair-005-baseline-cf3aa6fa-d637-47c0-82a7-f1993a3fd7b6,trial0010,eligible,,0.9310030038564951,jubias-continuous-auc-v1,True,90244,780f7a399642d46659c9123e9c2d51ea816a0dd3b6b26551571923bc339a74f8
jubias-pair-005-baseline-cf3aa6fa-d637-47c0-82a7-f1993a3fd7b6,trial0011,eligible,,0.9311905827314545,jubias-continuous-auc-v1,True,90244,2880a5a9371e95043fa7b008d4b3a78aa21c7eab0191b04ddb04807452f58036
jubias-pair-005-baseline-cf3aa6fa-d637-47c0-82a7-f1993a3fd7b6,trial0012,eligible,,0.9293088476981312,jubias-continuous-auc-v1,True,90244,7c65e55d890f70dc8a44254e6d514a5f369fd10d20df548363be95950638439c
jubias-pair-005-baseline-cf3aa6fa-d637-47c0-82a7-f1993a3fd7b6,trial0013,eligible,,0.9339439557812818,jubias-continuous-auc-v1,True,90244,916ab3f8dcd64d6da65d50d1f3264010d21c1100b0f5e7856702ab71ef9a732a
jubias-pair-005-baseline-cf3aa6fa-d637-47c0-82a7-f1993a3fd7b6,trial0014,eligible,,0.9343031953172702,jubias-continuous-auc-v1,True,90244,89deb9d0bd1ba068f46ff20cc32bb19994563934fded4bc5b1c5a6a16972b848
jubias-pair-005-baseline-cf3aa6fa-d637-47c0-82a7-f1993a3fd7b6,trial0015,eligible,,0.9341160828411001,jubias-continuous-auc-v1,True,90244,3a3158c5d4a1fad5981164201c8175aec91257d1c4cf00a78698a5f0f4d1cecf
jubias-pair-005-baseline-cf3aa6fa-d637-47c0-82a7-f1993a3fd7b6,trial0016,eligible,,0.9342672741679448,jubias-continuous-auc-v1,True,90244,c1f282740c52c96f627dbf128e3d67dfe8afc3bcddb8c46531d4ed7271bc1b0e
jubias-pair-005-baseline-fd741ba9-6ba9-4d20-b607-bcd9a22c22e1,trial0001,eligible,,0.9280432485189013,jubias-continuous-auc-v1,True,90244,4ceecf79b05ccec5f6fd295408fbf027cdb0b6188a9f60e0e1477248a408e441
jubias-pair-005-baseline-fd741ba9-6ba9-4d20-b607-bcd9a22c22e1,trial0002,eligible,,0.9303315270924881,jubias-continuous-auc-v1,True,90244,0c0bf30faf0c302237d3a7927d03ca5ab91f4e5a11c5a82f27cc8bfb2d980ab5
jubias-pair-005-baseline-fd741ba9-6ba9-4d20-b607-bcd9a22c22e1,trial0003,excluded,not_completed,,,,,
jubias-pair-006-analogy-52bf396f-ae55-4c66-8193-32d654b36f85,trial0001,eligible,,0.8801715378314522,jubias-continuous-auc-v1,True,90244,75e64e027af608f3b7575d5be3e8d9a398960ab26dd06b5e9a8ddc6a1947d85e
jubias-pair-006-analogy-52bf396f-ae55-4c66-8193-32d654b36f85,trial0002,eligible,,0.9255160046852083,jubias-continuous-auc-v1,True,90244,cefe65539367837162e82c575b7ab4eea43162aef5b3cc749c829cc6971e8e91
jubias-pair-006-analogy-52bf396f-ae55-4c66-8193-32d654b36f85,trial0003,eligible,,0.9146761496151332,jubias-continuous-auc-v1,True,90244,acb8cbff9d4f14c7ac1ce4db5c7d463b590152e3c225d6da4d2724448dfd7635
jubias-pair-006-analogy-52bf396f-ae55-4c66-8193-32d654b36f85,trial0004,eligible,,0.9217893567597001,jubias-continuous-auc-v1,True,90244,285c183fe12effad9c8a4db3355de6f26f769c904418c8d9c508f3bb553bcec8
jubias-pair-006-analogy-52bf396f-ae55-4c66-8193-32d654b36f85,trial0005,excluded,not_completed,,,,,
jubias-pair-006-analogy-52bf396f-ae55-4c66-8193-32d654b36f85,trial0006,eligible,,0.9180722345838547,jubias-continuous-auc-v1,True,90244,6c91f05f79e78a4531b3faaa65fba9f391f8b81312b6416546beea835f3897c1
jubias-pair-006-analogy-52bf396f-ae55-4c66-8193-32d654b36f85,trial0007,eligible,,0.9233607962593455,jubias-continuous-auc-v1,True,90244,822ebe7b9b8867312afc14e1f778f419807341b1a5db400f016d9a439e6aab53
jubias-pair-006-analogy-52bf396f-ae55-4c66-8193-32d654b36f85,trial0008,eligible,,0.92634953657091,jubias-continuous-auc-v1,True,90244,bd4329bd4bad96b835bc12892bca175c9ae3bc66d1aafed1211766f783edea2f
jubias-pair-006-analogy-52bf396f-ae55-4c66-8193-32d654b36f85,trial0009,eligible,,0.927430716065547,jubias-continuous-auc-v1,True,90244,8e19adcffeccdb627b013bfd063571e04fec93f61eac68be47559feabd3cc2cb
jubias-pair-006-analogy-52bf396f-ae55-4c66-8193-32d654b36f85,trial0010,eligible,,0.9284473279292375,jubias-continuous-auc-v1,True,90244,1907c59a4a4e165486fff5e1959315b4ae9990d0d47fe0beae29be97facae692
jubias-pair-006-analogy-52bf396f-ae55-4c66-8193-32d654b36f85,trial0011,eligible,,0.9283134846664876,jubias-continuous-auc-v1,True,90244,f2f3fd5c0457b12243a368f138447dedf222842739f472313897062907f33dce
jubias-pair-006-analogy-52bf396f-ae55-4c66-8193-32d654b36f85,trial0012,eligible,,0.9279399907755228,jubias-continuous-auc-v1,True,90244,38b120f5424d981b8fb208efcb40c89879a687782912cea9d3dccbc3f209d6e5
jubias-pair-006-analogy-52bf396f-ae55-4c66-8193-32d654b36f85,trial0013,eligible,,0.9289495050398707,jubias-continuous-auc-v1,True,90244,ad4efdf941b29272f051ff47580ec20522a24b77893207b8383ed19f61ad8e07
jubias-pair-006-analogy-52bf396f-ae55-4c66-8193-32d654b36f85,trial0014,excluded,not_completed,,,,,
jubias-pair-006-analogy-52bf396f-ae55-4c66-8193-32d654b36f85,trial0015,eligible,,0.9289156487288391,jubias-continuous-auc-v1,True,90244,d970de0517ee09a7c8117fe7eb8de0e45cf83a8c3c67265715ff655307a14022
jubias-pair-006-analogy-89485097-7cf6-488d-b7e9-9e714a821a05,trial0001,excluded,not_completed,,,,,
jubias-pair-006-analogy-db60581a-f7ec-4c16-83c0-6fbb1379d6d8,trial0001,eligible,,0.9246397247410577,jubias-continuous-auc-v1,True,90244,5ac942236eedbc3fe25511f8a83dd7c961da7379ba15d60ade4a6221035d5ecc
jubias-pair-006-analogy-db60581a-f7ec-4c16-83c0-6fbb1379d6d8,trial0002,excluded,not_completed,,,,,
jubias-pair-006-baseline-2ef1b7bc-11e6-451b-ae43-cfc8fe26baa1,trial0001,eligible,,0.9212840917592393,jubias-continuous-auc-v1,True,90244,dd8f36c706ac72b73bf5c7bf407c123aefcaac8f1b2a674348ca9441d5c7e73e
jubias-pair-006-baseline-2ef1b7bc-11e6-451b-ae43-cfc8fe26baa1,trial0002,eligible,,0.9266505646693882,jubias-continuous-auc-v1,True,90244,7dd29049823ee55d90612470966aa02df4c06ff0adab41c46e717d3c64f74e76
jubias-pair-006-baseline-2ef1b7bc-11e6-451b-ae43-cfc8fe26baa1,trial0003,eligible,,0.9272444632223098,jubias-continuous-auc-v1,True,90244,63cf665283dcb68c54f23e160b904ad0826893c035f3c738c0e32a547762db4b
jubias-pair-006-baseline-2ef1b7bc-11e6-451b-ae43-cfc8fe26baa1,trial0004,excluded,not_completed,,,,,
jubias-pair-006-baseline-9c6629d3-6ce1-449a-974f-e7a80dae95ac,trial0001,eligible,,0.929341906271286,jubias-continuous-auc-v1,True,90244,ac74cfeeef3b7fab3565d4f34257ebce5a930d37189f32cc1456f251aa855c44
jubias-pair-006-baseline-9c6629d3-6ce1-449a-974f-e7a80dae95ac,trial0002,eligible,,0.9288237318281691,jubias-continuous-auc-v1,True,90244,7f96acfef92c3da0805f5cde0150182a86b61bdd7bd8b45d7a25be553e31ed27
jubias-pair-006-baseline-9c6629d3-6ce1-449a-974f-e7a80dae95ac,trial0003,eligible,,0.9310001416331832,jubias-continuous-auc-v1,True,90244,a2a27569d08ad4f0717ed047191a1b89850259988c1874fa749cebd2013b7112
jubias-pair-006-baseline-9c6629d3-6ce1-449a-974f-e7a80dae95ac,trial0004,eligible,,0.9304544202080851,jubias-continuous-auc-v1,True,90244,f6fdb37988e0d075012c962068442ed19f2359cf8f2e9f7ffdb29acea4c3cfa7
jubias-pair-006-baseline-9c6629d3-6ce1-449a-974f-e7a80dae95ac,trial0005,eligible,,0.9280061395292925,jubias-continuous-auc-v1,True,90244,bdab50288705123453e3023e313df93ac64f7a1539d8008be7b32673f3431de9
jubias-pair-006-baseline-9c6629d3-6ce1-449a-974f-e7a80dae95ac,trial0006,eligible,,0.9311893768546282,jubias-continuous-auc-v1,True,90244,0e075a7188767eb30cb3a5e7c29d5cf6febb38b9784e3a54c47464137139cadb
jubias-pair-006-baseline-9c6629d3-6ce1-449a-974f-e7a80dae95ac,trial0007,eligible,,0.9312275671520962,jubias-continuous-auc-v1,True,90244,e1398eba18cd68530ca602f68244f599ad32ccf57fdc3c1b7631913410b6d86b
jubias-pair-006-baseline-9c6629d3-6ce1-449a-974f-e7a80dae95ac,trial0008,eligible,,0.930015435195949,jubias-continuous-auc-v1,True,90244,1ccb50bbfbb56d94c454526e2c22baa799dceec9400a41f105a6baa931cc291c
jubias-pair-006-baseline-9c6629d3-6ce1-449a-974f-e7a80dae95ac,trial0009,eligible,,0.930374941373294,jubias-continuous-auc-v1,True,90244,768d21d1e446ec8a6e52eac93a9a78314d04a1b9603ba1eb3e81fa58eacac3b9
jubias-pair-006-baseline-9c6629d3-6ce1-449a-974f-e7a80dae95ac,trial0010,eligible,,0.9295712408992813,jubias-continuous-auc-v1,True,90244,c0835c4b6bf8f7e1e4f801e30efc859dc15d3e80de932dad134d7be7b6aad738
jubias-pair-006-baseline-9c6629d3-6ce1-449a-974f-e7a80dae95ac,trial0011,eligible,,0.9314583431189667,jubias-continuous-auc-v1,True,90244,5d005f8f8ecc1780fcd521a10621f1aaa983d764d8110bff7bfa805959b54557
jubias-pair-006-baseline-9c6629d3-6ce1-449a-974f-e7a80dae95ac,trial0012,eligible,,0.9318037434323038,jubias-continuous-auc-v1,True,90244,cdb7142d568a797f71c70233481b4f2c5e8b7744aaf10e08c0e112f478d9bcc1
jubias-pair-006-baseline-9c6629d3-6ce1-449a-974f-e7a80dae95ac,trial0013,eligible,,0.9320060250694842,jubias-continuous-auc-v1,True,90244,edc90c2c71c5e65de64b67e7cf211644846d2403ce16c0b6e8f6167ab5643b62
jubias-pair-006-baseline-9c6629d3-6ce1-449a-974f-e7a80dae95ac,trial0014,eligible,,0.9322953036688033,jubias-continuous-auc-v1,True,90244,2c1a77e210c397443bce01d414114973d5797f626d5f1a832e9fca3b92d5b33d
jubias-pair-006-baseline-9c6629d3-6ce1-449a-974f-e7a80dae95ac,trial0015,excluded,not_completed,,,,,
jubias-pair-006-baseline-9c6629d3-6ce1-449a-974f-e7a80dae95ac,trial0016,eligible,,0.9324685569649482,jubias-continuous-auc-v1,True,90244,8d7263f0ff04cb033b2595c2880bb70f629e19b2483658f6f25e804a17eec038
jubias-pair-006-baseline-9c6629d3-6ce1-449a-974f-e7a80dae95ac,trial0017,eligible,,0.9315797431868178,jubias-continuous-auc-v1,True,90244,f6dc29dac62a36084226b0361e1513563c158dabbe97ea43544bc6ccd58aad8b
jubias-pair-006-baseline-9c6629d3-6ce1-449a-974f-e7a80dae95ac,trial0018,eligible,,0.9319795082258209,jubias-continuous-auc-v1,True,90244,1366b705df6e1789976d4b1eadf61ec65038d9a4104a4fba9bd74ce10830fb3d
