run,candidate_id,stage,parent_id,child_sha256,parent_sha256,evidence,status,reason
jubias-pair-001-analogy-256b6bd9-6a19-4ffb-ba27-6df516483f0b,trial0001,draft,,6450892b874dc401b64636d0029590fb1de6d8e34fa81c372e49317194745297,,adoption.json:draft-0001,verified,
jubias-pair-001-analogy-256b6bd9-6a19-4ffb-ba27-6df516483f0b,trial0002,improve,trial0001,f1920a81c051104b7f850450b960f74c5b060fb475b3094bd0f4c818420a7690,6450892b874dc401b64636d0029590fb1de6d8e34fa81c372e49317194745297,adoption.json:improve-0001;context.metadata;manifest.input_metadata,verified,
jubias-pair-001-analogy-256b6bd9-6a19-4ffb-ba27-6df516483f0b,trial0003,improve,trial0001,a9225fd0a17cf14472626570beb6518a9321d28b003c34c30d42c247571ce02f,6450892b874dc401b64636d0029590fb1de6d8e34fa81c372e49317194745297,adoption.json:improve-0002;context.metadata;manifest.input_metadata,verified,
jubias-pair-001-analogy-256b6bd9-6a19-4ffb-ba27-6df516483f0b,trial0004,improve,trial0001,60161bc9b7272ff083c44a24cc8635ce642a6d884f740f86189246acf8559fb8,6450892b874dc401b64636d0029590fb1de6d8e34fa81c372e49317194745297,adoption.json:improve-0003;context.metadata;manifest.input_metadata,verified,
jubias-pair-001-analogy-256b6bd9-6a19-4ffb-ba27-6df516483f0b,trial0005,improve,trial0004,ee7d76192fed09824125416ab5cbf2be988609629b7eb28e6558905e83f705e4,60161bc9b7272ff083c44a24cc8635ce642a6d884f740f86189246acf8559fb8,adoption.json:improve-0004;context.metadata;manifest.input_metadata,verified,
jubias-pair-001-analogy-256b6bd9-6a19-4ffb-ba27-6df516483f0b,trial0006,improve,trial0004,3305db5d1f179ffeabc499ffcc95cd04083ee586936796b399125710870647fd,60161bc9b7272ff083c44a24cc8635ce642a6d884f740f86189246acf8559fb8,adoption.json:improve-0005;context.metadata;manifest.input_metadata,verified,
jubias-pair-001-analogy-256b6bd9-6a19-4ffb-ba27-6df516483f0b,trial0007,improve,trial0004,bdb63a1a6c135e7bc73051dffa9ea2ce797c0f7fed399de99fea66966f6160ed,60161bc9b7272ff083c44a24cc8635ce642a6d884f740f86189246acf8559fb8,adoption.json:improve-0006;context.metadata;manifest.input_metadata,verified,
jubias-pair-001-baseline-44e0ae1e-6af8-43bd-a941-c7d230dca3f7,trial0001,draft,,377fd0c8971c55051c093c49238b80a6d3f37cf59823982319361b8c29f04ca5,,results.tsv:initial first trial,verified,
jubias-pair-001-baseline-44e0ae1e-6af8-43bd-a941-c7d230dca3f7,trial0002,,,2a864e4e7adced06046519b75a56814a38753303d35b781db03b2ce48137f330,,,missing,missing_stage_or_parent_evidence
jubias-pair-001-baseline-44e0ae1e-6af8-43bd-a941-c7d230dca3f7,trial0003,,,5bb1171373eca986f21bf33e8f59a06f65b26a1375d724906a351fd6cf3abb3c,,,missing,missing_stage_or_parent_evidence
jubias-pair-001-baseline-44e0ae1e-6af8-43bd-a941-c7d230dca3f7,trial0004,,,5ebd9ebd5c6a9c2453dfce5d87a3644a873461a77d91a9757495c73d3b010ae9,,,missing,missing_stage_or_parent_evidence
jubias-pair-001-baseline-44e0ae1e-6af8-43bd-a941-c7d230dca3f7,trial0005,,,e410d6946a84441356be504d10fc4fe5ef32052d70216431b33f68ee224a58ad,,,missing,missing_stage_or_parent_evidence
jubias-pair-001-baseline-44e0ae1e-6af8-43bd-a941-c7d230dca3f7,trial0006,,,286a6095a5e41b7e974853ec6755ebca7836b7f2f9e3410d28e8a32c13dab035,,,missing,missing_stage_or_parent_evidence
jubias-pair-001-baseline-44e0ae1e-6af8-43bd-a941-c7d230dca3f7,trial0007,,,bb3f1670e2ed4d7596c72b68ecd6fff8028ba8c1a3208e4d77bfbefa4a143466,,,missing,missing_stage_or_parent_evidence
jubias-pair-001-baseline-44e0ae1e-6af8-43bd-a941-c7d230dca3f7,trial0008,,,fe319370a4a1e7216a93628cc43ad3840a8aff85089cd0166978345914497334,,,missing,missing_stage_or_parent_evidence
jubias-pair-001-baseline-44e0ae1e-6af8-43bd-a941-c7d230dca3f7,trial0009,,,998f2f4773e41db5a6db598b1ac342b7e4682f5e1d5f285186b10728b607bed6,,,missing,missing_stage_or_parent_evidence
jubias-pair-001-baseline-44e0ae1e-6af8-43bd-a941-c7d230dca3f7,trial0010,,,f6c0b1891bf025d089870f8d52688fc5550843157106b184bdbb7331ce0f530b,,,missing,missing_stage_or_parent_evidence
jubias-pair-001-baseline-44e0ae1e-6af8-43bd-a941-c7d230dca3f7,trial0011,,,3a8e05618d2df57f5ac04153bcdc1b5e47494601b953e6b41148fa238c38cec3,,,missing,missing_stage_or_parent_evidence
jubias-pair-002-analogy-750393d4-d146-487c-8f0f-f0ff710ff006,trial0001,,,b7d99f312999a296cacd7de526b94270eed0cf7cb4275fabbce3441bd12a6c28,,,missing,invalid_adoption_call_id
jubias-pair-002-analogy-750393d4-d146-487c-8f0f-f0ff710ff006,trial0002,,,29879b834ca0c8bc0e3a39303aa821a59c9311f38a281c82aeb7ecf607818aa9,,,missing,invalid_adoption_call_id
jubias-pair-002-analogy-750393d4-d146-487c-8f0f-f0ff710ff006,trial0003,,,df81fd3d8899f0655641053fa4cabec8232e3bdfe0f0c6e05474ea33e8ba9e29,,,missing,invalid_adoption_call_id
jubias-pair-002-analogy-750393d4-d146-487c-8f0f-f0ff710ff006,trial0004,,,89dc153e5b5b3694bb39681dc49a14e096b80dea8b665de9a8c65919d727ba65,,,missing,invalid_adoption_call_id
jubias-pair-002-analogy-750393d4-d146-487c-8f0f-f0ff710ff006,trial0005,,,3a3423747b39f4ccde3df66319ef4794bf1c3b4d0405dacd595c547475400e17,,,missing,invalid_adoption_call_id
jubias-pair-002-analogy-750393d4-d146-487c-8f0f-f0ff710ff006,trial0006,,,fab816c1670dcaa0256c18e79f68ca439afed0d852be59bb431cd324546c36e9,,,missing,invalid_adoption_call_id
jubias-pair-002-analogy-750393d4-d146-487c-8f0f-f0ff710ff006,trial0007,,,cc7db41adf6abe6679c63da13329304577b0748b5f37f7dabd2b0601ed15e278,,,missing,invalid_adoption_call_id
jubias-pair-002-analogy-750393d4-d146-487c-8f0f-f0ff710ff006,trial0008,,,2b3ed9ef56a3889468dd4874df065c4496cecb4fa3777a84b62c0b37743066fe,,,missing,invalid_adoption_call_id
jubias-pair-002-analogy-750393d4-d146-487c-8f0f-f0ff710ff006,trial0009,,,4420bd434fc5b6620f235a3573f3ec7ac1be65c067d1fce51404223deae23180,,,missing,invalid_adoption_call_id
jubias-pair-002-analogy-750393d4-d146-487c-8f0f-f0ff710ff006,trial0010,,,32fd6fb22bacced784016ee771900af48faccb6e73aec5f9e2e344e3df9dc15e,,,missing,invalid_adoption_call_id
jubias-pair-002-analogy-750393d4-d146-487c-8f0f-f0ff710ff006,trial0011,,,63e36b3087f2f84117ad27ef5ad8e6b5b40a2f3052ca56a5079d31acfe7dc454,,,missing,invalid_adoption_call_id
jubias-pair-002-analogy-750393d4-d146-487c-8f0f-f0ff710ff006,trial0012,,,9d1fe4b9db3e8928f7b473b8430e22a1a43eebb4eaf934a274e2acc4ab4b900c,,,missing,invalid_adoption_call_id
jubias-pair-002-analogy-750393d4-d146-487c-8f0f-f0ff710ff006,trial0013,,,94d650cbeb25fe298fcf48c62d9756a2fb7f64b032e1e9076e2bab767496c432,,,missing,invalid_adoption_call_id
jubias-pair-002-analogy-750393d4-d146-487c-8f0f-f0ff710ff006,trial0014,,,d0dacc681c9bab1bc3ef3b936695cc9344564abed5fa6df55d6e5d353e709b39,,,missing,invalid_adoption_call_id
jubias-pair-002-analogy-750393d4-d146-487c-8f0f-f0ff710ff006,trial0015,,,8f36974862110788307fe6b885ccd0c7c87e1c11040c7ed2bcce3aa9980e02fe,,,missing,invalid_adoption_call_id
jubias-pair-002-analogy-750393d4-d146-487c-8f0f-f0ff710ff006,trial0016,,,6807a4df06b298b0530bee81b0e9a0743055deb03a8cc927e386ec0904889ac8,,,missing,invalid_adoption_call_id
jubias-pair-002-analogy-750393d4-d146-487c-8f0f-f0ff710ff006,trial0017,,,fbe19704b3dd3ddb9ee055b746cb0b86324b0ae93a48b796bf42790d414f8fdd,,,missing,invalid_adoption_call_id
jubias-pair-002-baseline-97784c12-1daf-4f23-930a-3c856920f958,trial0001,draft,,95a06a25763f3a61a766cfef484622e0b7779bd63e12fe362bc7d555ef9b03ac,,results.tsv:initial first trial,verified,
jubias-pair-002-baseline-97784c12-1daf-4f23-930a-3c856920f958,trial0002,,,ac1cd61534bcd25617bbe03591cc360225ea5d8c677f29485bb87aae137e0e45,,,missing,missing_stage_or_parent_evidence
jubias-pair-002-baseline-97784c12-1daf-4f23-930a-3c856920f958,trial0003,,,beb540bd26eb959a8d93ba4453da09cd5294abf2f077fb90f1ef591a5b425187,,,missing,missing_stage_or_parent_evidence
jubias-pair-002-baseline-97784c12-1daf-4f23-930a-3c856920f958,trial0004,,,71386490e5cdc978d7d4a38bddba98986ef4db976526ed840d7acbb30bf2eefd,,,missing,missing_stage_or_parent_evidence
jubias-pair-002-baseline-97784c12-1daf-4f23-930a-3c856920f958,trial0005,,,76960421057fb23d5ec18132f75ab3b32c4337562314a1182b5e002368e241c1,,,missing,missing_stage_or_parent_evidence
jubias-pair-002-baseline-97784c12-1daf-4f23-930a-3c856920f958,trial0006,,,d98ebfe320b3535d75f685c8cfb616558aa79a2860cb115289239887c3411423,,,missing,missing_stage_or_parent_evidence
jubias-pair-002-baseline-97784c12-1daf-4f23-930a-3c856920f958,trial0007,,,0ed0f8f8638cc0c01d0a121971c15d749952442c8f9fcad17e721c3f8c592d89,,,missing,missing_stage_or_parent_evidence
jubias-pair-002-baseline-97784c12-1daf-4f23-930a-3c856920f958,trial0008,,,be9d0940d90df3aa87d79e44d0017a986b587b94769d595b91967b2b94ec6509,,,missing,missing_stage_or_parent_evidence
jubias-pair-002-baseline-97784c12-1daf-4f23-930a-3c856920f958,trial0009,,,65702080c256adff5c2e5c074b1150d4cb668ecbd81eb4885a1849cfb4bd5d6f,,,missing,missing_stage_or_parent_evidence
jubias-pair-003-analogy-289ef6cc-7122-4b20-a6df-6da2767d0636,trial0001,,,f2a029991f8c3f7831474ad8ac602acd80f7a81ec9a59cac4cef2bd268a1d241,,,missing,invalid_adoption_call_id
jubias-pair-003-analogy-289ef6cc-7122-4b20-a6df-6da2767d0636,trial0002,,,b95ccd3962e3db455ee9616e891635d580a21ea6b993dcdeeaae4a4f0778178c,,,missing,invalid_adoption_call_id
jubias-pair-003-analogy-289ef6cc-7122-4b20-a6df-6da2767d0636,trial0003,,,940d41a76ad2a42d190081c03704e8522bb6de35556a812fdaa2575d825f838e,,,missing,invalid_adoption_call_id
jubias-pair-003-analogy-289ef6cc-7122-4b20-a6df-6da2767d0636,trial0004,,,bef594f2b191a0902f0436527e65affecf938ab589eef740ee482dc61ea463c3,,,missing,invalid_adoption_call_id
jubias-pair-003-analogy-289ef6cc-7122-4b20-a6df-6da2767d0636,trial0005,,,d903bc8632fe79bede10b96326a0fa6dc0480f03882dd934b03c246c648012b0,,,missing,invalid_adoption_call_id
jubias-pair-003-analogy-289ef6cc-7122-4b20-a6df-6da2767d0636,trial0006,,,fa11ddcc180a308ccacd5728490074edc29dfaed65ab88395a4beb48c604770c,,,missing,invalid_adoption_call_id
jubias-pair-003-analogy-289ef6cc-7122-4b20-a6df-6da2767d0636,trial0007,,,94252be34d6b2da7396328bcd069b4b1ef36f958af7f37620071029ac98e59a5,,,missing,invalid_adoption_call_id
jubias-pair-003-analogy-289ef6cc-7122-4b20-a6df-6da2767d0636,trial0008,,,9078eac49d3bfd26238f2a5e4ef93b32c1d33377176959615c9f1a83cd5a8a2a,,,missing,invalid_adoption_call_id
jubias-pair-003-analogy-289ef6cc-7122-4b20-a6df-6da2767d0636,trial0009,,,0aba0e686645ce2e6ee72d8b3a457be7514e42880087a3683f5e0896ba63e0c0,,,missing,invalid_adoption_call_id
jubias-pair-003-analogy-289ef6cc-7122-4b20-a6df-6da2767d0636,trial0010,,,bec2b182b0645492bc2b8424a9d2032dc34025e03244f43a04a7b2be95362aea,,,missing,invalid_adoption_call_id
jubias-pair-003-baseline-529c8229-3944-4383-ad99-83c2b9d671d1,trial0001,draft,,f12494a852020b43c29d3ee123ec5f4913dfc23f20cf8b15c7af2ee6b19352e3,,results.tsv:initial first trial,verified,
jubias-pair-003-baseline-529c8229-3944-4383-ad99-83c2b9d671d1,trial0002,,,60b74ecd2d5c6862dd078102fedf65b68434a438cb36a25f609f62cfcd69a36a,,,missing,missing_stage_or_parent_evidence
jubias-pair-003-baseline-529c8229-3944-4383-ad99-83c2b9d671d1,trial0003,,,b067939d38758282c87084e439cc81edec503ab00e354795743a84db2ef1c2bd,,,missing,missing_stage_or_parent_evidence
jubias-pair-003-baseline-529c8229-3944-4383-ad99-83c2b9d671d1,trial0004,,,722cdcef9a023ec22c89f20e6295be5053205119d0c33c693289ebd09e0867cf,,,missing,missing_stage_or_parent_evidence
jubias-pair-003-baseline-529c8229-3944-4383-ad99-83c2b9d671d1,trial0005,,,5f32469726abd0c9f2c3a5577ab4c31b2183e590433b5161d89bd7802f23cb97,,,missing,missing_stage_or_parent_evidence
jubias-pair-003-baseline-529c8229-3944-4383-ad99-83c2b9d671d1,trial0006,,,2162d9361c3b87cabb69d7d24dc33e70472842f2d0c4cc90783ea3212e3ca082,,,missing,missing_stage_or_parent_evidence
jubias-pair-003-baseline-529c8229-3944-4383-ad99-83c2b9d671d1,trial0007,,,3570d6aa1a8f06674f1d82ed2324281d763a7aaf6879b7927e55cbe8d9a119f7,,,missing,missing_stage_or_parent_evidence
jubias-pair-003-baseline-529c8229-3944-4383-ad99-83c2b9d671d1,trial0008,,,77ebf0699d9eea6a9cb7efc3772ed9434ef68174821ef3a0d6866d7852864a1b,,,missing,missing_stage_or_parent_evidence
jubias-pair-003-baseline-529c8229-3944-4383-ad99-83c2b9d671d1,trial0009,,,4cf8fe6f21fdcc2191303e4b134a6a4c75b25071b468e5a2cef98faa1b0fd75d,,,missing,missing_stage_or_parent_evidence
jubias-pair-003-baseline-529c8229-3944-4383-ad99-83c2b9d671d1,trial0010,,,bdc70702cfd32a4bc9f4031799547e63ce8e7c830f165437ea35e537e944b8ed,,,missing,missing_stage_or_parent_evidence
jubias-pair-003-baseline-529c8229-3944-4383-ad99-83c2b9d671d1,trial0011,,,34492fe0ad115851abaf735953f4e4d4b107895f988e0ed01394619d1d2acb78,,,missing,missing_stage_or_parent_evidence
jubias-pair-003-baseline-529c8229-3944-4383-ad99-83c2b9d671d1,trial0012,,,713e73615e6b573450c39092fceec916e922980fc4047952277becf4cf127f32,,,missing,missing_stage_or_parent_evidence
jubias-pair-003-baseline-529c8229-3944-4383-ad99-83c2b9d671d1,trial0013,,,432a6cfcdae4deabae72bcd8e8e2cbd5f6d8faee39989257c651f66048e27570,,,missing,missing_stage_or_parent_evidence
jubias-pair-003-baseline-529c8229-3944-4383-ad99-83c2b9d671d1,trial0014,,,cc602896d7fcd36124639a9a73cc81fe5868412fae4d1dfd63ac0783e6b20165,,,missing,missing_stage_or_parent_evidence
jubias-pair-003-baseline-529c8229-3944-4383-ad99-83c2b9d671d1,trial0015,,,e01b950ad18d7587073a9c3267748816b547266d2338bec55203e6fb3828e626,,,missing,missing_stage_or_parent_evidence
jubias-pair-003-baseline-529c8229-3944-4383-ad99-83c2b9d671d1,trial0016,,,c9df7eafd7cc9bdd21fee5448d5bff0e8b62be0a479080b5c9d20b0cf94d3237,,,missing,missing_stage_or_parent_evidence
jubias-pair-003-baseline-529c8229-3944-4383-ad99-83c2b9d671d1,trial0017,,,29c892281d4e9091edb509c9f79c17e3cf961e6d4173b340aac4d00123bfe2e0,,,missing,missing_stage_or_parent_evidence
jubias-pair-004-analogy-1d27d282-3a8c-483b-a230-06143ca33405,trial0001,,,ce336c0f89108c8a6d9904d6e3cb250c382f89e55924ce63e6c9d0f6b95bf72c,,,missing,invalid_adoption_call_id
jubias-pair-004-analogy-f9fd19d9-60e2-46ca-a494-870de58cddc4,trial0001,,,b1b36c7437527c31d16cab10ca79c466ac853cdee2c0d8fc1fa584b028a7c0a6,,,missing,invalid_adoption_call_id
jubias-pair-004-analogy-f9fd19d9-60e2-46ca-a494-870de58cddc4,trial0002,,,98ab6135de18dd0ba68f1b9919adf36d0e3da445904add101af66d22047f9961,,,missing,invalid_adoption_call_id
jubias-pair-004-analogy-f9fd19d9-60e2-46ca-a494-870de58cddc4,trial0003,,,faf1b7b0039357f500a5d4cff06e092489a358798025905950f4fd27882f928f,,,missing,invalid_adoption_call_id
jubias-pair-004-analogy-f9fd19d9-60e2-46ca-a494-870de58cddc4,trial0004,,,8f98658b88fff24027b0b8e081f90125591da0a67b2a7c3f53d6431b579dd66a,,,missing,invalid_adoption_call_id
jubias-pair-004-analogy-f9fd19d9-60e2-46ca-a494-870de58cddc4,trial0005,,,7344601f29f39548bbfa0137c7f078353617542a8b146d8d05e480eb7cbce592,,,missing,invalid_adoption_call_id
jubias-pair-004-analogy-f9fd19d9-60e2-46ca-a494-870de58cddc4,trial0006,,,9d2bd42ada1f43ce6e88c4621e4b8ef5853608a312e62cbc46fc2ae1ac95a764,,,missing,invalid_adoption_call_id
jubias-pair-004-analogy-f9fd19d9-60e2-46ca-a494-870de58cddc4,trial0007,,,5046d1b3b8b2f70bba832f1dccee679a0f5694d5e2068350e7e5b08c6c7ca372,,,missing,invalid_adoption_call_id
jubias-pair-004-analogy-f9fd19d9-60e2-46ca-a494-870de58cddc4,trial0008,,,43dac7d32aa6468028da2d18b0d5657ffc3dd48055a0a82452d9056e78116645,,,missing,invalid_adoption_call_id
jubias-pair-004-analogy-f9fd19d9-60e2-46ca-a494-870de58cddc4,trial0009,,,8e7605264b30c6b38a7db7a09f21ea3fbb55c1128d8dfac956136f4800118ed4,,,missing,invalid_adoption_call_id
jubias-pair-004-analogy-f9fd19d9-60e2-46ca-a494-870de58cddc4,trial0010,,,a7ddcf12aecbf267594b40843c93acc9deef022a0fb2d63eccca620c98b46f1d,,,missing,invalid_adoption_call_id
jubias-pair-004-analogy-f9fd19d9-60e2-46ca-a494-870de58cddc4,trial0011,,,21f06fa5a39e2dbf3dbee16608b445569666d53f1ea11b14bcbc66af6722e635,,,missing,invalid_adoption_call_id
jubias-pair-004-analogy-f9fd19d9-60e2-46ca-a494-870de58cddc4,trial0012,,,6e4c734d63eb581f4cc3690e52d4d77fdac324f47690f12d87151a7afcd17b13,,,missing,invalid_adoption_call_id
jubias-pair-004-analogy-f9fd19d9-60e2-46ca-a494-870de58cddc4,trial0013,,,db405c7b27749c248a4536e77c4acebe0de26efa5030d7017accc7ac9d2927f3,,,missing,invalid_adoption_call_id
jubias-pair-004-baseline-0b96a385-1ed1-46ab-a40a-6748936a9a03,trial0001,,,25611f196e3abcce895203cf3e0c2ff13b46bd97cdbd291d733e9ea15d48d9f7,,,missing,missing_stage_or_parent_evidence
jubias-pair-004-baseline-0b96a385-1ed1-46ab-a40a-6748936a9a03,trial0002,,,13356c666dc020e3610a237016bc5ddf82733a1da2130dbd3d5542e38378cfcd,,,missing,missing_stage_or_parent_evidence
jubias-pair-004-baseline-7cbc6d0e-1c6f-4092-a51e-69d2c716e82c,trial0001,,,6c64d4a16d0c503238e40c20368f06db25333f55ac168c58e68c2b86c59bd881,,,missing,missing_stage_or_parent_evidence
jubias-pair-004-baseline-7cbc6d0e-1c6f-4092-a51e-69d2c716e82c,trial0002,,,1cd850329d5ec22ece8f21dddd04236f7de71f354bb731f814bcac3c9c37ae21,,,missing,missing_stage_or_parent_evidence
jubias-pair-004-baseline-7cbc6d0e-1c6f-4092-a51e-69d2c716e82c,trial0003,,,c6251d06a9718a0dd880edff28e843b78bf3adc32e89118160f3ddc9bca22e49,,,missing,missing_stage_or_parent_evidence
jubias-pair-004-baseline-7cbc6d0e-1c6f-4092-a51e-69d2c716e82c,trial0004,,,4c2dcc782a53b4dc1b9aafb564ca7ca652bb29a08c3bf982c8f95751e22656a5,,,missing,missing_stage_or_parent_evidence
jubias-pair-004-baseline-7cbc6d0e-1c6f-4092-a51e-69d2c716e82c,trial0005,,,0f2a201b663b9569a26597a1f385e7716f8ea567724742a2da7e49354afbd025,,,missing,missing_stage_or_parent_evidence
jubias-pair-004-baseline-7cbc6d0e-1c6f-4092-a51e-69d2c716e82c,trial0006,,,a861cf7ac12eb23270d2c824b0c5db0002c98cccdb9472afed4839da7da5de94,,,missing,missing_stage_or_parent_evidence
jubias-pair-004-baseline-7cbc6d0e-1c6f-4092-a51e-69d2c716e82c,trial0007,,,af906ea288de66f1967cf32827be647de410cbfeed20f637efbdc83adbae2994,,,missing,missing_stage_or_parent_evidence
jubias-pair-004-baseline-7cbc6d0e-1c6f-4092-a51e-69d2c716e82c,trial0008,,,671dec852ccd21e60c6c697091c2c0ba2d7a8d55e8fad1156b4979a176b7889b,,,missing,missing_stage_or_parent_evidence
jubias-pair-004-baseline-7cbc6d0e-1c6f-4092-a51e-69d2c716e82c,trial0009,,,1796fd5189ec10d2843e540fac34498cc98fa3680e9cad633916f19fefa6869a,,,missing,missing_stage_or_parent_evidence
jubias-pair-004-baseline-7cbc6d0e-1c6f-4092-a51e-69d2c716e82c,trial0010,,,8684be045aa7097b3b4711af3ba99ef9af12e0515ed3f4ab0d77809bdd4e9cc8,,,missing,missing_stage_or_parent_evidence
jubias-pair-004-baseline-7cbc6d0e-1c6f-4092-a51e-69d2c716e82c,trial0011,,,5b6f92079fe75df55fc31d8db8493eb963f903528e9b4d3460b5a6f0f2b41599,,,missing,missing_stage_or_parent_evidence
jubias-pair-004-baseline-7cbc6d0e-1c6f-4092-a51e-69d2c716e82c,trial0012,,,a018511e984c7fa0620cb6f186a885a607167559000efceb8ac0647f2eee7550,,,missing,missing_stage_or_parent_evidence
jubias-pair-004-baseline-7cbc6d0e-1c6f-4092-a51e-69d2c716e82c,trial0013,,,8b0e5a9527f0324bda494a19f40de277e1a5de9e8dbeece663b017c14386e015,,,missing,missing_stage_or_parent_evidence
jubias-pair-004-baseline-7cbc6d0e-1c6f-4092-a51e-69d2c716e82c,trial0014,,,f44c1e07b5f709a3e57d3d27ab62a6cd6e380b8f3df55b4a0310a84a94c85bd1,,,missing,missing_stage_or_parent_evidence
jubias-pair-004-baseline-7cbc6d0e-1c6f-4092-a51e-69d2c716e82c,trial0015,,,fb842fe862ef24e9699d8404e95a377fd613db885046ca427982a8e28ab967bb,,,missing,missing_stage_or_parent_evidence
jubias-pair-004-baseline-7cbc6d0e-1c6f-4092-a51e-69d2c716e82c,trial0016,,,e15285042520e1ce5a67cc1d7ad3d3c0446c7b8161920c3d8f2ba9534a119a0e,,,missing,missing_stage_or_parent_evidence
jubias-pair-005-analogy-221d48b3-c95c-4646-bdd6-924c1fd1d22f,trial0001,,,1ba762d8847b1c49d6c5d942745718266b164f364d96688f8851d727ab13d664,,,missing,invalid_adoption_call_id
jubias-pair-005-analogy-63fda2a5-3525-4c7c-b338-70771f48db71,trial0001,,,2ba439fa3a3763c382303d492969ac9b144a44c3fe3ea5c32cf0966ec08224f3,,,missing,invalid_adoption_call_id
jubias-pair-005-analogy-63fda2a5-3525-4c7c-b338-70771f48db71,trial0002,,,1e8d3c56e2b73ebce04d49f3fb7614797a83c7316b0516bb817867cf4ebb2584,,,missing,invalid_adoption_call_id
jubias-pair-005-analogy-63fda2a5-3525-4c7c-b338-70771f48db71,trial0003,,,a7e89cde25fdedd55adc852a503a8ba55a0b1b465fa96deffd17693e9503070a,,,missing,invalid_adoption_call_id
jubias-pair-005-analogy-63fda2a5-3525-4c7c-b338-70771f48db71,trial0004,,,9c9faf1618a021e637723b7b41272a791df578d93ac7f8c710390a5646a419c4,,,missing,invalid_adoption_call_id
jubias-pair-005-analogy-63fda2a5-3525-4c7c-b338-70771f48db71,trial0005,,,2073d45992861f6b01b067966dadfb2d571a11749ec35ec9fe6f7896f3a42dc5,,,missing,invalid_adoption_call_id
jubias-pair-005-analogy-63fda2a5-3525-4c7c-b338-70771f48db71,trial0006,,,97e778e6eeb5d64abfa38c07bfc0de72aed0fdbab602763c655296ca2d439f40,,,missing,invalid_adoption_call_id
jubias-pair-005-analogy-63fda2a5-3525-4c7c-b338-70771f48db71,trial0007,,,9f5d5b081ef92949c3aa2a58a3919b3cfcc9564309c5cefa62733d00c0c4914c,,,missing,invalid_adoption_call_id
jubias-pair-005-analogy-63fda2a5-3525-4c7c-b338-70771f48db71,trial0008,,,090f7c6aae0f413ab63c239c26ecea97775dbefbbaec0ec283fa3199c8771374,,,missing,invalid_adoption_call_id
jubias-pair-005-analogy-63fda2a5-3525-4c7c-b338-70771f48db71,trial0009,,,8ccb3fcd0d9ffe42e198ec058dd0ac3a017346bc336e12f50d6d77348ed5ae2c,,,missing,invalid_adoption_call_id
jubias-pair-005-analogy-63fda2a5-3525-4c7c-b338-70771f48db71,trial0010,,,928c4f5e66c69d47b194d2c3b07c7b51ab42bde6b55e37987c9185051b061e96,,,missing,invalid_adoption_call_id
jubias-pair-005-analogy-63fda2a5-3525-4c7c-b338-70771f48db71,trial0011,,,6b8f29e144291d4bd04cbb7dea43575164461d8faf8753f04a302ca4605361c4,,,missing,invalid_adoption_call_id
jubias-pair-005-analogy-63fda2a5-3525-4c7c-b338-70771f48db71,trial0012,,,19c1ee9516418686f8009d329768064432d0563024b89cfa0944ba795f2762d5,,,missing,invalid_adoption_call_id
jubias-pair-005-analogy-63fda2a5-3525-4c7c-b338-70771f48db71,trial0013,,,27f71edcd05fe5956b23f128433f305300b779af56d8cab05de9a6316252864d,,,missing,invalid_adoption_call_id
jubias-pair-005-analogy-63fda2a5-3525-4c7c-b338-70771f48db71,trial0014,,,fbfbe314186c04ba7e28247b27a54699791c64292c55c908b9f26a85e32453dd,,,missing,invalid_adoption_call_id
jubias-pair-005-analogy-63fda2a5-3525-4c7c-b338-70771f48db71,trial0015,,,0a2e9cf7097cc1a9784e5336ad44867d2e412d5a0174538a254a376eb94efbef,,,missing,invalid_adoption_call_id
jubias-pair-005-analogy-63fda2a5-3525-4c7c-b338-70771f48db71,trial0016,,,ff4e1d8863288975e02e1e57197360a2819bc7d05fcd13eab8ded872e55c2bf7,,,missing,invalid_adoption_call_id
jubias-pair-005-baseline-cf3aa6fa-d637-47c0-82a7-f1993a3fd7b6,trial0001,draft,,1c10a96404c5afb273222ff66c0d3aec373870a5f44f836d9a50bc53cbb5a36d,,results.tsv:initial first trial,verified,
jubias-pair-005-baseline-cf3aa6fa-d637-47c0-82a7-f1993a3fd7b6,trial0002,,,1f75d281fcfe44be3599d28718e429d1a96cf50d6ee58b8986b31519167b7049,,,missing,missing_stage_or_parent_evidence
jubias-pair-005-baseline-cf3aa6fa-d637-47c0-82a7-f1993a3fd7b6,trial0003,,,74a6222a59e9d0264e69f2ae9ae21d95687d0c4bbe066f0f82e0cf09e1ba6c1c,,,missing,missing_stage_or_parent_evidence
jubias-pair-005-baseline-cf3aa6fa-d637-47c0-82a7-f1993a3fd7b6,trial0004,,,c64f642c077b6991e8e821f0e02446860a456e89eb10873426e7495b034f09de,,,missing,missing_stage_or_parent_evidence
jubias-pair-005-baseline-cf3aa6fa-d637-47c0-82a7-f1993a3fd7b6,trial0005,,,f34ee08fae1957459448ca9c8d223cd5ef2247e0837809fbd1a1040a19ab5d3f,,,missing,missing_stage_or_parent_evidence
jubias-pair-005-baseline-cf3aa6fa-d637-47c0-82a7-f1993a3fd7b6,trial0006,,,2444f14e580ff5aeef5347372ce8ca02a73ac4529cd03da5aaf67fbd9c45602b,,,missing,missing_stage_or_parent_evidence
jubias-pair-005-baseline-cf3aa6fa-d637-47c0-82a7-f1993a3fd7b6,trial0007,,,aad2e798de8ea0486e7a37daa5831ac2ac8fd24e529989f16c12bd90ffcb4960,,,missing,missing_stage_or_parent_evidence
jubias-pair-005-baseline-cf3aa6fa-d637-47c0-82a7-f1993a3fd7b6,trial0008,,,a11271985159576891db651e69aa8e795bade32c72f5012352c52c75a82f352b,,,missing,missing_stage_or_parent_evidence
jubias-pair-005-baseline-cf3aa6fa-d637-47c0-82a7-f1993a3fd7b6,trial0009,,,bbaa1edddfc68271f3849aeb10572238e3b28a6acfeecf108f295046b186a4b4,,,missing,missing_stage_or_parent_evidence
jubias-pair-005-baseline-cf3aa6fa-d637-47c0-82a7-f1993a3fd7b6,trial0010,,,780f7a399642d46659c9123e9c2d51ea816a0dd3b6b26551571923bc339a74f8,,,missing,missing_stage_or_parent_evidence
jubias-pair-005-baseline-cf3aa6fa-d637-47c0-82a7-f1993a3fd7b6,trial0011,,,2880a5a9371e95043fa7b008d4b3a78aa21c7eab0191b04ddb04807452f58036,,,missing,missing_stage_or_parent_evidence
jubias-pair-005-baseline-cf3aa6fa-d637-47c0-82a7-f1993a3fd7b6,trial0012,,,7c65e55d890f70dc8a44254e6d514a5f369fd10d20df548363be95950638439c,,,missing,missing_stage_or_parent_evidence
jubias-pair-005-baseline-cf3aa6fa-d637-47c0-82a7-f1993a3fd7b6,trial0013,,,916ab3f8dcd64d6da65d50d1f3264010d21c1100b0f5e7856702ab71ef9a732a,,,missing,missing_stage_or_parent_evidence
jubias-pair-005-baseline-cf3aa6fa-d637-47c0-82a7-f1993a3fd7b6,trial0014,,,89deb9d0bd1ba068f46ff20cc32bb19994563934fded4bc5b1c5a6a16972b848,,,missing,missing_stage_or_parent_evidence
jubias-pair-005-baseline-cf3aa6fa-d637-47c0-82a7-f1993a3fd7b6,trial0015,,,3a3158c5d4a1fad5981164201c8175aec91257d1c4cf00a78698a5f0f4d1cecf,,,missing,missing_stage_or_parent_evidence
jubias-pair-005-baseline-cf3aa6fa-d637-47c0-82a7-f1993a3fd7b6,trial0016,,,c1f282740c52c96f627dbf128e3d67dfe8afc3bcddb8c46531d4ed7271bc1b0e,,,missing,missing_stage_or_parent_evidence
jubias-pair-005-baseline-fd741ba9-6ba9-4d20-b607-bcd9a22c22e1,trial0001,,,4ceecf79b05ccec5f6fd295408fbf027cdb0b6188a9f60e0e1477248a408e441,,,missing,missing_stage_or_parent_evidence
jubias-pair-005-baseline-fd741ba9-6ba9-4d20-b607-bcd9a22c22e1,trial0002,,,0c0bf30faf0c302237d3a7927d03ca5ab91f4e5a11c5a82f27cc8bfb2d980ab5,,,missing,missing_stage_or_parent_evidence
jubias-pair-005-baseline-fd741ba9-6ba9-4d20-b607-bcd9a22c22e1,trial0003,,,5e4acd6872094e1416159a26edb0d8059199cbfd1b164b1fc67c3bf7a2a3581e,,,missing,missing_stage_or_parent_evidence
jubias-pair-006-analogy-52bf396f-ae55-4c66-8193-32d654b36f85,trial0001,,,75e64e027af608f3b7575d5be3e8d9a398960ab26dd06b5e9a8ddc6a1947d85e,,,missing,invalid_adoption_call_id
jubias-pair-006-analogy-52bf396f-ae55-4c66-8193-32d654b36f85,trial0002,,,cefe65539367837162e82c575b7ab4eea43162aef5b3cc749c829cc6971e8e91,,,missing,invalid_adoption_call_id
jubias-pair-006-analogy-52bf396f-ae55-4c66-8193-32d654b36f85,trial0003,,,acb8cbff9d4f14c7ac1ce4db5c7d463b590152e3c225d6da4d2724448dfd7635,,,missing,invalid_adoption_call_id
jubias-pair-006-analogy-52bf396f-ae55-4c66-8193-32d654b36f85,trial0004,,,285c183fe12effad9c8a4db3355de6f26f769c904418c8d9c508f3bb553bcec8,,,missing,invalid_adoption_call_id
jubias-pair-006-analogy-52bf396f-ae55-4c66-8193-32d654b36f85,trial0005,,,d83be089105b38968d29b5db9004a8e1367e3663c26b353aeee0d0ee6f404d18,,,missing,invalid_adoption_call_id
jubias-pair-006-analogy-52bf396f-ae55-4c66-8193-32d654b36f85,trial0006,,,6c91f05f79e78a4531b3faaa65fba9f391f8b81312b6416546beea835f3897c1,,,missing,invalid_adoption_call_id
jubias-pair-006-analogy-52bf396f-ae55-4c66-8193-32d654b36f85,trial0007,,,822ebe7b9b8867312afc14e1f778f419807341b1a5db400f016d9a439e6aab53,,,missing,invalid_adoption_call_id
jubias-pair-006-analogy-52bf396f-ae55-4c66-8193-32d654b36f85,trial0008,,,bd4329bd4bad96b835bc12892bca175c9ae3bc66d1aafed1211766f783edea2f,,,missing,invalid_adoption_call_id
jubias-pair-006-analogy-52bf396f-ae55-4c66-8193-32d654b36f85,trial0009,,,8e19adcffeccdb627b013bfd063571e04fec93f61eac68be47559feabd3cc2cb,,,missing,invalid_adoption_call_id
jubias-pair-006-analogy-52bf396f-ae55-4c66-8193-32d654b36f85,trial0010,,,1907c59a4a4e165486fff5e1959315b4ae9990d0d47fe0beae29be97facae692,,,missing,invalid_adoption_call_id
jubias-pair-006-analogy-52bf396f-ae55-4c66-8193-32d654b36f85,trial0011,,,f2f3fd5c0457b12243a368f138447dedf222842739f472313897062907f33dce,,,missing,invalid_adoption_call_id
jubias-pair-006-analogy-52bf396f-ae55-4c66-8193-32d654b36f85,trial0012,,,38b120f5424d981b8fb208efcb40c89879a687782912cea9d3dccbc3f209d6e5,,,missing,invalid_adoption_call_id
jubias-pair-006-analogy-52bf396f-ae55-4c66-8193-32d654b36f85,trial0013,,,ad4efdf941b29272f051ff47580ec20522a24b77893207b8383ed19f61ad8e07,,,missing,invalid_adoption_call_id
jubias-pair-006-analogy-52bf396f-ae55-4c66-8193-32d654b36f85,trial0014,,,c1b3568242bd2525185e7b01d890141118487c8107e9054d3c956adc41a46a68,,,missing,invalid_adoption_call_id
jubias-pair-006-analogy-52bf396f-ae55-4c66-8193-32d654b36f85,trial0015,,,d970de0517ee09a7c8117fe7eb8de0e45cf83a8c3c67265715ff655307a14022,,,missing,invalid_adoption_call_id
jubias-pair-006-analogy-89485097-7cf6-488d-b7e9-9e714a821a05,trial0001,,,c17af0b0391508eb60f890a91ca87fb55972c8cd1eb15f19ce87ed592a4329f5,,,missing,invalid_adoption_call_id
jubias-pair-006-analogy-db60581a-f7ec-4c16-83c0-6fbb1379d6d8,trial0001,,,5ac942236eedbc3fe25511f8a83dd7c961da7379ba15d60ade4a6221035d5ecc,,,missing,invalid_adoption_call_id
jubias-pair-006-analogy-db60581a-f7ec-4c16-83c0-6fbb1379d6d8,trial0002,,,6a1919d95595bec17ae2e029646ceeafaf61b48f9769d426d23227cca0f03a20,,,missing,invalid_adoption_call_id
jubias-pair-006-baseline-2ef1b7bc-11e6-451b-ae43-cfc8fe26baa1,trial0001,draft,,dd8f36c706ac72b73bf5c7bf407c123aefcaac8f1b2a674348ca9441d5c7e73e,,results.tsv:initial first trial,verified,
jubias-pair-006-baseline-2ef1b7bc-11e6-451b-ae43-cfc8fe26baa1,trial0002,,,7dd29049823ee55d90612470966aa02df4c06ff0adab41c46e717d3c64f74e76,,,missing,missing_stage_or_parent_evidence
jubias-pair-006-baseline-2ef1b7bc-11e6-451b-ae43-cfc8fe26baa1,trial0003,,,63cf665283dcb68c54f23e160b904ad0826893c035f3c738c0e32a547762db4b,,,missing,missing_stage_or_parent_evidence
jubias-pair-006-baseline-2ef1b7bc-11e6-451b-ae43-cfc8fe26baa1,trial0004,,,0e8661377042dd96ea6fd04ba2c210bbf1102bab64e0e6d94ed12a77872d4624,,,missing,missing_stage_or_parent_evidence
jubias-pair-006-baseline-9c6629d3-6ce1-449a-974f-e7a80dae95ac,trial0001,,,ac74cfeeef3b7fab3565d4f34257ebce5a930d37189f32cc1456f251aa855c44,,,missing,missing_stage_or_parent_evidence
jubias-pair-006-baseline-9c6629d3-6ce1-449a-974f-e7a80dae95ac,trial0002,,,7f96acfef92c3da0805f5cde0150182a86b61bdd7bd8b45d7a25be553e31ed27,,,missing,missing_stage_or_parent_evidence
jubias-pair-006-baseline-9c6629d3-6ce1-449a-974f-e7a80dae95ac,trial0003,,,a2a27569d08ad4f0717ed047191a1b89850259988c1874fa749cebd2013b7112,,,missing,missing_stage_or_parent_evidence
jubias-pair-006-baseline-9c6629d3-6ce1-449a-974f-e7a80dae95ac,trial0004,,,f6fdb37988e0d075012c962068442ed19f2359cf8f2e9f7ffdb29acea4c3cfa7,,,missing,missing_stage_or_parent_evidence
jubias-pair-006-baseline-9c6629d3-6ce1-449a-974f-e7a80dae95ac,trial0005,,,bdab50288705123453e3023e313df93ac64f7a1539d8008be7b32673f3431de9,,,missing,missing_stage_or_parent_evidence
jubias-pair-006-baseline-9c6629d3-6ce1-449a-974f-e7a80dae95ac,trial0006,,,0e075a7188767eb30cb3a5e7c29d5cf6febb38b9784e3a54c47464137139cadb,,,missing,missing_stage_or_parent_evidence
jubias-pair-006-baseline-9c6629d3-6ce1-449a-974f-e7a80dae95ac,trial0007,,,e1398eba18cd68530ca602f68244f599ad32ccf57fdc3c1b7631913410b6d86b,,,missing,missing_stage_or_parent_evidence
jubias-pair-006-baseline-9c6629d3-6ce1-449a-974f-e7a80dae95ac,trial0008,,,1ccb50bbfbb56d94c454526e2c22baa799dceec9400a41f105a6baa931cc291c,,,missing,missing_stage_or_parent_evidence
jubias-pair-006-baseline-9c6629d3-6ce1-449a-974f-e7a80dae95ac,trial0009,,,768d21d1e446ec8a6e52eac93a9a78314d04a1b9603ba1eb3e81fa58eacac3b9,,,missing,missing_stage_or_parent_evidence
jubias-pair-006-baseline-9c6629d3-6ce1-449a-974f-e7a80dae95ac,trial0010,,,c0835c4b6bf8f7e1e4f801e30efc859dc15d3e80de932dad134d7be7b6aad738,,,missing,missing_stage_or_parent_evidence
jubias-pair-006-baseline-9c6629d3-6ce1-449a-974f-e7a80dae95ac,trial0011,,,5d005f8f8ecc1780fcd521a10621f1aaa983d764d8110bff7bfa805959b54557,,,missing,missing_stage_or_parent_evidence
jubias-pair-006-baseline-9c6629d3-6ce1-449a-974f-e7a80dae95ac,trial0012,,,cdb7142d568a797f71c70233481b4f2c5e8b7744aaf10e08c0e112f478d9bcc1,,,missing,missing_stage_or_parent_evidence
jubias-pair-006-baseline-9c6629d3-6ce1-449a-974f-e7a80dae95ac,trial0013,,,edc90c2c71c5e65de64b67e7cf211644846d2403ce16c0b6e8f6167ab5643b62,,,missing,missing_stage_or_parent_evidence
jubias-pair-006-baseline-9c6629d3-6ce1-449a-974f-e7a80dae95ac,trial0014,,,2c1a77e210c397443bce01d414114973d5797f626d5f1a832e9fca3b92d5b33d,,,missing,missing_stage_or_parent_evidence
jubias-pair-006-baseline-9c6629d3-6ce1-449a-974f-e7a80dae95ac,trial0015,,,f1ab35753649e0f43e311bf47ffc0d0d75f96272d0d3ae8a6e2f98207051ba63,,,missing,missing_stage_or_parent_evidence
jubias-pair-006-baseline-9c6629d3-6ce1-449a-974f-e7a80dae95ac,trial0016,,,8d7263f0ff04cb033b2595c2880bb70f629e19b2483658f6f25e804a17eec038,,,missing,missing_stage_or_parent_evidence
jubias-pair-006-baseline-9c6629d3-6ce1-449a-974f-e7a80dae95ac,trial0017,,,f6dc29dac62a36084226b0361e1513563c158dabbe97ea43544bc6ccd58aad8b,,,missing,missing_stage_or_parent_evidence
jubias-pair-006-baseline-9c6629d3-6ce1-449a-974f-e7a80dae95ac,trial0018,,,1366b705df6e1789976d4b1eadf61ec65038d9a4104a4fba9bd74ce10830fb3d,,,missing,missing_stage_or_parent_evidence
