study_id,cohort,task,stage,view,run_id,arm,pair_id,n_total,m,vendi,subset_low,subset_high,n_subsets
jubias,230f38543aaf,jigsaw-unintended-bias-in-toxicity-classification,solution,implementation,jubias-pair-001-analogy-256b6bd9-6a19-4ffb-ba27-6df516483f0b,analogy,jubias-pair-001,7,2,1.302331874487734,1.143998571170422,1.4809087500094522,21
jubias,230f38543aaf,jigsaw-unintended-bias-in-toxicity-classification,solution,implementation,jubias-pair-001-baseline-44e0ae1e-6af8-43bd-a941-c7d230dca3f7,baseline,jubias-pair-001,11,2,1.2744528726239133,1.1501440267876972,1.3752720031774546,55
jubias,230f38543aaf,jigsaw-unintended-bias-in-toxicity-classification,solution,implementation,jubias-pair-002-analogy-750393d4-d146-487c-8f0f-f0ff710ff006,analogy,jubias-pair-002,17,2,1.2238082068643044,1.1347562139764593,1.3168550811324253,136
jubias,230f38543aaf,jigsaw-unintended-bias-in-toxicity-classification,solution,implementation,jubias-pair-002-baseline-97784c12-1daf-4f23-930a-3c856920f958,baseline,jubias-pair-002,9,2,1.2484882363795575,1.1177666912216082,1.4977023459026613,36
jubias,230f38543aaf,jigsaw-unintended-bias-in-toxicity-classification,solution,implementation,jubias-pair-003-analogy-289ef6cc-7122-4b20-a6df-6da2767d0636,analogy,jubias-pair-003,10,2,1.2802762976712831,1.1410668977622511,1.6298412410209435,45
jubias,230f38543aaf,jigsaw-unintended-bias-in-toxicity-classification,solution,implementation,jubias-pair-003-baseline-529c8229-3944-4383-ad99-83c2b9d671d1,baseline,jubias-pair-003,17,2,1.1795567162415919,1.1131698851319467,1.2624732453755736,136
jubias,230f38543aaf,jigsaw-unintended-bias-in-toxicity-classification,solution,implementation,jubias-pair-001-analogy-256b6bd9-6a19-4ffb-ba27-6df516483f0b,analogy,jubias-pair-001,7,3,1.4643130265406572,1.247507970740148,1.5799612414601574,35
jubias,230f38543aaf,jigsaw-unintended-bias-in-toxicity-classification,solution,implementation,jubias-pair-001-baseline-44e0ae1e-6af8-43bd-a941-c7d230dca3f7,baseline,jubias-pair-001,11,3,1.426703170450521,1.2835071332561614,1.5595739817814889,165
jubias,230f38543aaf,jigsaw-unintended-bias-in-toxicity-classification,solution,implementation,jubias-pair-002-analogy-750393d4-d146-487c-8f0f-f0ff710ff006,analogy,jubias-pair-002,17,3,1.3430642763789051,1.2325239975811952,1.4551430283319144,680
jubias,230f38543aaf,jigsaw-unintended-bias-in-toxicity-classification,solution,implementation,jubias-pair-002-baseline-97784c12-1daf-4f23-930a-3c856920f958,baseline,jubias-pair-002,9,3,1.3797912789673696,1.2081119422339472,1.6185945668730584,84
jubias,230f38543aaf,jigsaw-unintended-bias-in-toxicity-classification,solution,implementation,jubias-pair-003-analogy-289ef6cc-7122-4b20-a6df-6da2767d0636,analogy,jubias-pair-003,10,3,1.429900327242452,1.2380765672914489,1.7280264949893744,120
jubias,230f38543aaf,jigsaw-unintended-bias-in-toxicity-classification,solution,implementation,jubias-pair-003-baseline-529c8229-3944-4383-ad99-83c2b9d671d1,baseline,jubias-pair-003,17,3,1.2711950514869423,1.1818495099361803,1.3471879887202485,680
jubias,230f38543aaf,jigsaw-unintended-bias-in-toxicity-classification,solution,implementation,jubias-pair-001-analogy-256b6bd9-6a19-4ffb-ba27-6df516483f0b,analogy,jubias-pair-001,7,4,1.56995333309328,1.408706991146191,1.6614777499482927,35
jubias,230f38543aaf,jigsaw-unintended-bias-in-toxicity-classification,solution,implementation,jubias-pair-001-baseline-44e0ae1e-6af8-43bd-a941-c7d230dca3f7,baseline,jubias-pair-001,11,4,1.5293942415969988,1.3976135831826715,1.6531309510908632,330
jubias,230f38543aaf,jigsaw-unintended-bias-in-toxicity-classification,solution,implementation,jubias-pair-002-analogy-750393d4-d146-487c-8f0f-f0ff710ff006,analogy,jubias-pair-002,17,4,1.4197223255351246,1.2945226155235459,1.5315220384673833,1000
jubias,230f38543aaf,jigsaw-unintended-bias-in-toxicity-classification,solution,implementation,jubias-pair-002-baseline-97784c12-1daf-4f23-930a-3c856920f958,baseline,jubias-pair-002,9,4,1.4662455174792368,1.2660898789541786,1.686941494847483,126
jubias,230f38543aaf,jigsaw-unintended-bias-in-toxicity-classification,solution,implementation,jubias-pair-003-analogy-289ef6cc-7122-4b20-a6df-6da2767d0636,analogy,jubias-pair-003,10,4,1.5281785797040142,1.324696623050751,1.780341791598668,210
jubias,230f38543aaf,jigsaw-unintended-bias-in-toxicity-classification,solution,implementation,jubias-pair-003-baseline-529c8229-3944-4383-ad99-83c2b9d671d1,baseline,jubias-pair-003,17,4,1.330058075520696,1.2414745998065115,1.4109694871451932,1000
jubias,230f38543aaf,jigsaw-unintended-bias-in-toxicity-classification,solution,implementation,jubias-pair-001-analogy-256b6bd9-6a19-4ffb-ba27-6df516483f0b,analogy,jubias-pair-001,7,5,1.6460486829020458,1.5242629150257363,1.713257629600144,21
jubias,230f38543aaf,jigsaw-unintended-bias-in-toxicity-classification,solution,implementation,jubias-pair-001-baseline-44e0ae1e-6af8-43bd-a941-c7d230dca3f7,baseline,jubias-pair-001,11,5,1.6056339762918972,1.475198315867898,1.7219223073948497,462
jubias,230f38543aaf,jigsaw-unintended-bias-in-toxicity-classification,solution,implementation,jubias-pair-002-analogy-750393d4-d146-487c-8f0f-f0ff710ff006,analogy,jubias-pair-002,17,5,1.4784707756466002,1.34645402385203,1.5982653171037178,1000
jubias,230f38543aaf,jigsaw-unintended-bias-in-toxicity-classification,solution,implementation,jubias-pair-002-baseline-97784c12-1daf-4f23-930a-3c856920f958,baseline,jubias-pair-002,9,5,1.5297187370204222,1.3331851489872502,1.7047331994603747,126
jubias,230f38543aaf,jigsaw-unintended-bias-in-toxicity-classification,solution,implementation,jubias-pair-003-analogy-289ef6cc-7122-4b20-a6df-6da2767d0636,analogy,jubias-pair-003,10,5,1.5997633746670326,1.3912870293354433,1.8024270497501786,252
jubias,230f38543aaf,jigsaw-unintended-bias-in-toxicity-classification,solution,implementation,jubias-pair-003-baseline-529c8229-3944-4383-ad99-83c2b9d671d1,baseline,jubias-pair-003,17,5,1.3722726507591592,1.2822524986153097,1.4452481315913157,1000
jubias,230f38543aaf,jigsaw-unintended-bias-in-toxicity-classification,solution,implementation,jubias-pair-001-analogy-256b6bd9-6a19-4ffb-ba27-6df516483f0b,analogy,jubias-pair-001,7,6,1.7044160150392282,1.6507157696092942,1.7528672966751322,7
jubias,230f38543aaf,jigsaw-unintended-bias-in-toxicity-classification,solution,implementation,jubias-pair-001-baseline-44e0ae1e-6af8-43bd-a941-c7d230dca3f7,baseline,jubias-pair-001,11,6,1.6655870508260726,1.5419597655409667,1.7673321688362094,462
jubias,230f38543aaf,jigsaw-unintended-bias-in-toxicity-classification,solution,implementation,jubias-pair-002-analogy-750393d4-d146-487c-8f0f-f0ff710ff006,analogy,jubias-pair-002,17,6,1.522694532435216,1.401311167098177,1.6208275233371652,1000
jubias,230f38543aaf,jigsaw-unintended-bias-in-toxicity-classification,solution,implementation,jubias-pair-002-baseline-97784c12-1daf-4f23-930a-3c856920f958,baseline,jubias-pair-002,9,6,1.579417287231338,1.3874995266731838,1.7207226930481099,84
jubias,230f38543aaf,jigsaw-unintended-bias-in-toxicity-classification,solution,implementation,jubias-pair-003-analogy-289ef6cc-7122-4b20-a6df-6da2767d0636,analogy,jubias-pair-003,10,6,1.6552285216917342,1.458779610822531,1.8088753864321854,210
jubias,230f38543aaf,jigsaw-unintended-bias-in-toxicity-classification,solution,implementation,jubias-pair-003-baseline-529c8229-3944-4383-ad99-83c2b9d671d1,baseline,jubias-pair-003,17,6,1.4074891791660673,1.3257521382914699,1.4718909258659112,1000
jubias,230f38543aaf,jigsaw-unintended-bias-in-toxicity-classification,solution,implementation,jubias-pair-001-analogy-256b6bd9-6a19-4ffb-ba27-6df516483f0b,analogy,jubias-pair-001,7,7,1.75116058376569,1.75116058376569,1.75116058376569,1
jubias,230f38543aaf,jigsaw-unintended-bias-in-toxicity-classification,solution,implementation,jubias-pair-001-baseline-44e0ae1e-6af8-43bd-a941-c7d230dca3f7,baseline,jubias-pair-001,11,7,1.7145828667859142,1.5981868307738614,1.8012148400402013,330
jubias,230f38543aaf,jigsaw-unintended-bias-in-toxicity-classification,solution,implementation,jubias-pair-002-analogy-750393d4-d146-487c-8f0f-f0ff710ff006,analogy,jubias-pair-002,17,7,1.5633884045198752,1.4530920268447305,1.6594876877083213,1000
jubias,230f38543aaf,jigsaw-unintended-bias-in-toxicity-classification,solution,implementation,jubias-pair-002-baseline-97784c12-1daf-4f23-930a-3c856920f958,baseline,jubias-pair-002,9,7,1.6200095635005916,1.4523281884536468,1.720010319226195,36
jubias,230f38543aaf,jigsaw-unintended-bias-in-toxicity-classification,solution,implementation,jubias-pair-003-analogy-289ef6cc-7122-4b20-a6df-6da2767d0636,analogy,jubias-pair-003,10,7,1.7000085766111832,1.5013983017754426,1.8205189599150335,120
jubias,230f38543aaf,jigsaw-unintended-bias-in-toxicity-classification,solution,implementation,jubias-pair-003-baseline-529c8229-3944-4383-ad99-83c2b9d671d1,baseline,jubias-pair-003,17,7,1.4327839095200923,1.3543495258221858,1.4988033828355622,1000
