run_id,candidate_id,arm,source_sha256,is_valid,status,title,summary,evidence,error
jubias-pair-001-analogy-256b6bd9-6a19-4ffb-ba27-6df516483f0b,trial0001,analogy,6450892b874dc401b64636d0029590fb1de6d8e34fa81c372e49317194745297,True,ok,Transformer toxicity classifier with identity auxiliaries,"The solution tokenizes comment text with GPT-2 BPE, truncates or pads sequences to 256 tokens, and uses length-bucketed batches with per-batch sequence trimming. A transformer encoder trained from scratch has token and positional embeddings, eight pre-layer-normalized bidirectional self-attention/MLP blocks, and masked mean and max pooling. Their concatenation is passed to an MLP that outputs one target logit and one sigmoid-trained auxiliary logit per identity. Training uses elementwise binary cross-entropy: the target has weight 1, while auxiliary losses together have weight 0.5. Samples receive normalized weights that emphasize identity-containing examples and target/identity countergroups. AdamW uses separate higher-LR, zero-decay embedding parameters; decayed matrix parameters; and non-decayed vector parameters. Learning rates linearly warm up then cosine-decay. FP16 autocast, gradient scaling, and gradient-norm clipping are used. Inference returns sigmoid probabilities from the target logit.","[""SOURCE:29-47"", ""SOURCE:65-124"", ""SOURCE:131-196"", ""SOURCE:204-230"", ""SOURCE:233-242"", ""SOURCE:251-271""]",
jubias-pair-001-analogy-256b6bd9-6a19-4ffb-ba27-6df516483f0b,trial0002,analogy,f1920a81c051104b7f850450b960f74c5b060fb475b3094bd0f4c818420a7690,True,ok,Transformer Toxicity Classifier with Dynamic Cell Weighting,"The solution tokenizes comment text with GPT-2 BPE, truncates or pads sequences to 256 tokens, and batches examples by length to reduce padding. An 8-layer, 512-dimensional Transformer encoder is trained from random initialization with learned token and positional embeddings, bidirectional padding-masked attention, and mean-plus-max pooling. A feed-forward head outputs one toxicity logit and auxiliary logits for identity labels. Training uses weighted binary cross-entropy: toxicity has unit weight, while identity losses share an auxiliary weight; examples are additionally reweighted for identity and toxicity/background combinations. A dynamic objective computes toxicity BCE for each identity-by-mention/background-by-toxic/non-toxic cell, maintains EMA cell losses, and softmax-weights currently present cells toward higher-loss groups. AdamW uses separate embedding learning rate, warmup followed by cosine decay, fp16 gradient scaling, and gradient clipping. Inference applies sigmoid to the toxicity logit.","[""SOURCE:29-51"", ""SOURCE:70-148"", ""SOURCE:155-220"", ""SOURCE:228-254"", ""SOURCE:257-309"", ""SOURCE:327-353""]",
jubias-pair-001-analogy-256b6bd9-6a19-4ffb-ba27-6df516483f0b,trial0003,analogy,a9225fd0a17cf14472626570beb6518a9321d28b003c34c30d42c247571ce02f,True,ok,Transformer Toxicity Classifier with Slice Pairwise Loss,"The solution tokenizes comment text with GPT-2 BPE, truncates or pads sequences to 256 tokens, and batches examples by similar length. A Transformer trained from scratch uses token and positional embeddings, eight pre-layer-normalized self-attention/MLP blocks, and masked mean-plus-max pooling followed by a multilabel head for toxicity and identity labels. Training applies weighted binary cross-entropy, with auxiliary identity losses scaled by 0.5 and sample weights emphasizing identity-related and toxicity/identity combinations. From the second epoch, it adds a logistic pairwise ranking loss across overall, subgroup, background-positive/subgroup-negative, and subgroup-positive/background-negative slices. Each such batch is augmented with sampled toxic and non-toxic identity examples from per-identity reservoirs. AdamW uses separate embedding learning rates, cosine decay after warmup, mixed-precision gradient scaling, and norm clipping. Inference length-batches validation texts and returns sigmoid probabilities from the toxicity logit.","[""SOURCE:29-52"", ""SOURCE:69-146"", ""SOURCE:153-218"", ""SOURCE:226-264"", ""SOURCE:276-316"", ""SOURCE:330-356""]",
jubias-pair-001-analogy-256b6bd9-6a19-4ffb-ba27-6df516483f0b,trial0004,analogy,60161bc9b7272ff083c44a24cc8635ce642a6d884f740f86189246acf8559fb8,True,ok,Scratch Transformer Toxicity Classifier,"The solution tokenizes comment text with the GPT-2 BPE tokenizer, truncates or pads sequences to 256 tokens, and substitutes an end-of-text token for empty inputs. An 8-layer, 512-dimensional, 8-head Transformer is trained from random initialization. It uses learned token and positional embeddings, bidirectional padding-masked attention, GELU feed-forward blocks, and mean-plus-max pooling over valid tokens before a multi-output classification head. Outputs include a main target logit and auxiliary identity logits. Training uses weighted binary cross-entropy: the main task has weight 1, identity losses share total weight 0.5, and samples are reweighted by target/identity subgroup membership. Length-bucketed shuffled batches reduce padding. AdamW uses a separate higher learning rate without decay for embeddings, cosine decay after linear warmup, fp16 autocasting with gradient scaling, and gradient clipping. Inference returns sigmoid probabilities from the main logit.","[""SOURCE:29-47"", ""SOURCE:65-135"", ""SOURCE:142-207"", ""SOURCE:215-241"", ""SOURCE:244-253"", ""SOURCE:264-282""]",
jubias-pair-001-analogy-256b6bd9-6a19-4ffb-ba27-6df516483f0b,trial0005,analogy,ee7d76192fed09824125416ab5cbf2be988609629b7eb28e6558905e83f705e4,True,ok,Scratch Transformer Toxicity Classifier,"The solution tokenizes comment text with GPT-2 BPE, truncates or pads sequences to 256 tokens, and trains an 8-layer, 512-dimensional, 8-head Transformer encoder from random initialization. Attention masks exclude padding; final token representations are masked mean- and max-pooled, concatenated, and passed to a GELU classification head producing one target-toxicity logit and auxiliary identity logits. Training uses binary cross-entropy for all outputs, with the target weighted 1 and identity losses sharing total weight 0.5. Samples receive normalized bias-aware weights based on target positivity and identity presence. Length-bucketed shuffled batches reduce padding. AdamW uses a separate higher learning rate and no decay for embeddings, decay only for non-vector parameters, linear warmup then cosine decay, fp16 gradient scaling, and gradient clipping. An EMA of model weights is updated after each optimizer step and used for batched sigmoid target inference and validation predictions.","[""SOURCE:29-49"", ""SOURCE:66-136"", ""SOURCE:143-208"", ""SOURCE:216-257"", ""SOURCE:263-316""]",
jubias-pair-001-analogy-256b6bd9-6a19-4ffb-ba27-6df516483f0b,trial0006,analogy,3305db5d1f179ffeabc499ffcc95cd04083ee586936796b399125710870647fd,True,ok,Transformer toxicity classifier with bias-aware ranking loss,"The solution tokenizes comment text with GPT-2 BPE, truncates or pads sequences to 256 tokens, and trains an 8-layer, 512-dimensional, 8-head Transformer encoder from random initialization. Padding is masked in attention; final token representations are mean- and max-pooled and passed through an MLP to predict a toxicity target plus identity labels. Training uses weighted binary cross-entropy: the target has weight 1 and identity auxiliary losses share total weight 0.5. Samples are reweighted by identity presence and toxicity/background combinations. Length-bucketed shuffled batches reduce padding. In the final training epoch, batches are augmented with toxic and non-toxic identity examples and add a pairwise logistic ranking loss over subgroup and background-positive/subgroup-negative cells. Cell-loss EMAs select a high-loss CVaR tail, mixed with the mean cell loss. AdamW uses separate embedding learning rate, warmup then cosine decay, fp16 gradient scaling, and gradient clipping. Inference returns sigmoid toxicity probabilities.","[""SOURCE:29-54"", ""SOURCE:73-149"", ""SOURCE:167-221"", ""SOURCE:229-255"", ""SOURCE:280-328"", ""SOURCE:258-267""]",
jubias-pair-001-analogy-256b6bd9-6a19-4ffb-ba27-6df516483f0b,trial0007,analogy,bdb63a1a6c135e7bc73051dffa9ea2ce797c0f7fed399de99fea66966f6160ed,True,ok,Transformer Toxicity Classifier with Bias-Aware Pairwise Loss,"The solution tokenizes comment text with GPT-2 BPE, truncates or pads sequences to 256 tokens, and batches examples by length. It trains an 8-layer, 8-head Transformer encoder from random initialization, with token and positional embeddings, non-causal padding-masked self-attention, GELU feed-forward blocks, and concatenated masked mean and max pooling. A multilayer head outputs one toxicity logit plus identity-label auxiliary logits. The main objective is sample-weighted binary cross-entropy: identity and target/identity combinations receive adjusted weights, while identity losses are downweighted. In the final training epoch, it adds a pairwise logistic ranking loss for subgroup, background-positive/subgroup-negative, and background-negative/subgroup-positive cells. Cell losses are tracked with an EMA and softmax-tail-weighted within each family; length-compatible toxic and non-toxic identity reservoir rows augment pairwise batches. AdamW uses separate embedding learning rates, warmup followed by cosine decay, mixed-precision gradient scaling, and gradient clipping. Inference returns sigmoid toxicity probabilities.","[""SOURCE:29-53"", ""SOURCE:71-159"", ""SOURCE:166-253"", ""SOURCE:261-335"", ""SOURCE:353-380""]",
jubias-pair-001-baseline-44e0ae1e-6af8-43bd-a941-c7d230dca3f7,trial0001,baseline,377fd0c8971c55051c093c49238b80a6d3f37cf59823982319361b8c29f04ca5,True,ok,Bias-Aware BiLSTM Toxicity Classifier,"The solution tokenizes lowercased comments with a regex, builds a train-only word vocabulary, maps rare or unseen words to UNK, and head-truncates sequences to 256 tokens. A learned embedding is spatially dropped out and passed through two stacked bidirectional LSTMs. Masked max and mean pools from both layers are concatenated, processed by two dense layers with a residual connection, and used for a binary target logit plus soft identity-label auxiliary logits. Training uses length-bucketed shuffled batches. The main binary cross-entropy is reweighted to emphasize identity-containing examples, background positives, and subgroup negatives; it is added to auxiliary identity BCE. AdamW, CUDA mixed precision, gradient scaling, gradient clipping, warmup, and exponential learning-rate decay are used. At inference, batches are length-sorted and dynamically truncated. Predictions from each epoch are combined with normalized weights increasing as 2^epoch.","[""SOURCE:33-57"", ""SOURCE:84-153"", ""SOURCE:160-202"", ""SOURCE:208-244"", ""SOURCE:247-262"", ""SOURCE:268-340""]",
jubias-pair-001-baseline-44e0ae1e-6af8-43bd-a941-c7d230dca3f7,trial0002,baseline,2a864e4e7adced06046519b75a56814a38753303d35b781db03b2ce48137f330,True,ok,Bias-Aware BiLSTM Toxicity Classifier,"The solution lowercases and regex-tokenizes comments, builds a train-only vocabulary with padding and unknown tokens, and truncates sequences to 256 tokens. A randomly initialized embedding feeds spatial dropout and two stacked bidirectional LSTMs. Masked max and mean pooling from both LSTM layers are concatenated, processed by two ReLU dense layers with a residual addition, and used for a main toxicity logit plus sigmoid identity auxiliary logits. Training uses length-bucketed shuffled batches. Main binary cross-entropy is weighted to emphasize identity mentions, non-identity positives, and identity-associated negatives; auxiliary binary cross-entropy learns soft identity labels. AdamW uses separate embedding and other parameter groups, mixed-precision gradient scaling, gradient clipping, 200-step warmup, and exponential learning-rate decay over four epochs. Inference sorts examples by length, dynamically trims padding, and returns sigmoid toxicity probabilities. Predictions from each epoch are combined with normalized weights proportional to 2^epoch.","[""SOURCE:33-57"", ""SOURCE:84-153"", ""SOURCE:160-202"", ""SOURCE:212-244"", ""SOURCE:247-262"", ""SOURCE:268-340""]",
jubias-pair-001-baseline-44e0ae1e-6af8-43bd-a941-c7d230dca3f7,trial0003,baseline,5bb1171373eca986f21bf33e8f59a06f65b26a1375d724906a351fd6cf3abb3c,False,ok,Bias-aware Transformer toxicity classifier,"The solution lowercases and regex-tokenizes comments, fits a word vocabulary on training text only, maps rare or unseen words to UNK, and head-truncates sequences to 256 tokens. A six-layer pre-layer-normalized Transformer encodes token and positional embeddings. It is first pretrained on training comments with masked-language modeling: 15% of non-padding tokens are selected, then mostly replaced by MASK, sometimes randomized, and trained with tied embedding-decoder cross-entropy. For classification, masked mean and max pooled encoder states feed a GELU dense layer with toxicity and identity-prediction heads. Fine-tuning minimizes bias-weighted toxicity BCE plus BCE on soft identity labels. Weights upweight identity-containing examples, non-identity positives, and identity negatives. Length-bucketed shuffled batches reduce padding. AdamW, warmup-linear decay, mixed precision, and gradient clipping are used. Inference applies sigmoid toxicity probabilities and optionally averages epoch predictions with exponentially increasing epoch weights.","[""SOURCE:33-63"", ""SOURCE:90-159"", ""SOURCE:166-204"", ""SOURCE:214-246"", ""SOURCE:276-315"", ""SOURCE:325-364"", ""SOURCE:374-396""]",
jubias-pair-001-baseline-44e0ae1e-6af8-43bd-a941-c7d230dca3f7,trial0004,baseline,5ebd9ebd5c6a9c2453dfce5d87a3644a873461a77d91a9757495c73d3b010ae9,False,ok,Bias-aware Transformer toxicity classifier,"The solution lowercases and regex-tokenizes comments, fitting a frequency-filtered word vocabulary on training text only. Comments are head-truncated or padded to 256 tokens. A six-layer pre-layer-normalized Transformer encoder uses token and positional embeddings; mean and max masked pooling feed a dense GELU layer with toxicity and multi-label identity-logit heads. Before supervised training, the encoder is trained for one epoch with masked-language modeling over training comments, masking eligible frequent tokens with 80% mask, 10% random replacement, and 10% unchanged inputs. Fine-tuning minimizes sample-weighted binary cross-entropy for toxicity plus equally weighted binary cross-entropy against soft identity targets. Weights upweight identity-containing comments, non-identity positives, and identity-negative examples. Length-bucketed shuffled batches reduce padding. AdamW, warmup-linear decay, mixed precision, and gradient clipping are used. Inference sorts by length, predicts sigmoid toxicity probabilities, and combines epoch predictions with exponentially increasing checkpoint weights.","[""SOURCE:33-64"", ""SOURCE:91-160"", ""SOURCE:167-205"", ""SOURCE:215-247"", ""SOURCE:277-365"", ""SOURCE:375-397""]",
jubias-pair-001-baseline-44e0ae1e-6af8-43bd-a941-c7d230dca3f7,trial0005,baseline,e410d6946a84441356be504d10fc4fe5ef32052d70216431b33f68ee224a58ad,False,ok,Bias-Aware Transformer Toxicity Classifier,"The solution tokenizes lowercased comments into words and punctuation, fits a frequency-filtered vocabulary only on training text, maps unknown tokens to UNK, and head-truncates sequences to 256 tokens. A pre-layer-normalized Transformer encoder uses token and positional embeddings. Mean and masked-max pooled encoder states feed a GELU dense layer with a toxicity logit and auxiliary soft identity-label logits. The encoder is first pretrained for one epoch with masked-language modeling on training comments: 15% of eligible frequent tokens are selected, with 80/10/10 mask/random/unchanged replacements, and prediction weights are tied to input embeddings. Fine-tuning minimizes bias-weighted toxicity BCE plus identity BCE. Weights upweight identity-containing examples, non-identity positives, and identity negatives. Length-bucketed shuffled batches respect a token budget. AdamW, mixed precision, warmup-linear decay, and gradient clipping are used. Inference applies sigmoid toxicity probabilities and averages epoch predictions with exponentially increasing epoch weights.","[""SOURCE:33-65"", ""SOURCE:92-161"", ""SOURCE:168-206"", ""SOURCE:216-256"", ""SOURCE:286-324"", ""SOURCE:335-374"", ""SOURCE:384-406""]",
jubias-pair-001-baseline-44e0ae1e-6af8-43bd-a941-c7d230dca3f7,trial0006,baseline,286a6095a5e41b7e974853ec6755ebca7836b7f2f9e3410d28e8a32c13dab035,True,ok,Transformer toxicity classifier with MLM pretraining,"Comments are lowercased, regex-tokenized, truncated to 256 tokens, and encoded with a train-only word vocabulary; padding is zero and unknown words use a dedicated ID. A six-layer pre-normalized Transformer encoder with learned token and positional embeddings produces masked mean and max pooled features for a GELU dense toxicity logit and multilabel identity auxiliary head. The encoder is first pretrained on train comments using masked-language modeling over the 30,000 most frequent IDs, with 15% eligible-token masking and 80/10/10 mask/random/original replacement. Fine-tuning minimizes bias-weighted binary cross-entropy for toxicity plus binary cross-entropy for soft identity targets. Weights upweight identity-containing examples, non-identity positives, and identity negatives. Length-bucketed shuffled batches respect a token budget. AdamW, mixed precision, warmup followed by linear decay, and gradient clipping are used in both stages. Inference sigmoid-transforms logits; predictions from epoch checkpoints are averaged with exponentially increasing epoch weights.","[""SOURCE:33-65"", ""SOURCE:92-161"", ""SOURCE:168-206"", ""SOURCE:216-256"", ""SOURCE:291-335"", ""SOURCE:340-411""]",
jubias-pair-001-baseline-44e0ae1e-6af8-43bd-a941-c7d230dca3f7,trial0007,baseline,bb3f1670e2ed4d7596c72b68ecd6fff8028ba8c1a3208e4d77bfbefa4a143466,True,ok,Bias-weighted BiLSTM toxicity classifier,"Comments are lowercased and regex-tokenized. A vocabulary is fitted only on training comments using tokens with count at least 3 among the 120,000 most frequent; sequences use padding, an unknown token, and head truncation to 256 tokens. A learned 300-dimensional embedding with spatial dropout feeds two stacked bidirectional LSTMs. Masked max and mean pools from both layers are concatenated, passed through two 512-unit ReLU layers with a residual addition, and mapped to toxicity and identity logits. Training uses a weighted toxicity BCE loss plus equally weighted BCE on soft identity labels. Sample weights upweight identity mentions, non-identity positives, and identity-associated negatives. Length-bucketed shuffled batches reduce padding. AdamW, mixed precision, gradient clipping, 200-step warmup, and exponential learning-rate decay are used. Predictions average epoch checkpoints with weights increasing as 2^epoch, then average three independently seeded models.","[""SOURCE:3-4"", ""SOURCE:33-58"", ""SOURCE:85-154"", ""SOURCE:161-203"", ""SOURCE:213-245"", ""SOURCE:269-331"", ""SOURCE:334-349""]",
jubias-pair-001-baseline-44e0ae1e-6af8-43bd-a941-c7d230dca3f7,trial0008,baseline,fe319370a4a1e7216a93628cc43ad3840a8aff85089cd0166978345914497334,False,ok,Bias-aware LSTM and Transformer text ensemble,"Comments are lowercased and regex-tokenized; a vocabulary is fitted only on training text, with unknown tokens and head truncation to 256 tokens. The system trains three randomly seeded two-layer bidirectional LSTMs with spatial embedding dropout, max/mean pooling of both recurrent layers, residual dense features, and toxicity plus identity prediction heads. It also trains a six-layer pre-layer-normalized Transformer encoder with positional embeddings; it is first pretrained on training comments by masked-language modeling, then fine-tuned with the same heads. MLM masks eligible tokens with 80% mask-token, 10% random-token, and 10% unchanged replacements. Supervised training uses weighted binary cross-entropy for toxicity, emphasizing identity mentions, non-identity positives, and identity negatives, plus binary-cross-entropy identity auxiliary loss. Length-bucketed, token-budgeted batches, mixed precision, gradient clipping, AdamW, warmup and decay schedules are used. Inference sigmoid probabilities average LSTM seeds and blend equally with the Transformer; LSTM epoch predictions use exponentially weighted checkpoint averaging.","[""SOURCE:34-75"", ""SOURCE:102-171"", ""SOURCE:202-258"", ""SOURCE:268-306"", ""SOURCE:338-445"", ""SOURCE:454-477""]",
jubias-pair-001-baseline-44e0ae1e-6af8-43bd-a941-c7d230dca3f7,trial0009,baseline,998f2f4773e41db5a6db598b1ac342b7e4682f5e1d5f285186b10728b607bed6,False,ok,Bias-Aware LSTM and Transformer Text Ensemble,"Comments are lowercased, regex-tokenized, and head-truncated to 256 tokens. A vocabulary is fitted only on training comments; rare and out-of-vocabulary words map to UNK. The ensemble averages three randomly seeded stacked bidirectional LSTMs and one six-layer pre-layer-normalized Transformer, then combines the family means equally. Both classifiers use masked max-and-mean temporal pooling, a dense prediction head for toxicity, and auxiliary sigmoid heads trained to predict soft identity labels. Training uses weighted binary cross-entropy for toxicity, upweighting identity-containing examples, non-identity positives, and identity subgroup negatives, plus equally weighted identity BCE. LSTM checkpoints across epochs are exponentially blended. The Transformer is first pretrained on training text with masked-language modeling over frequent vocabulary IDs, using 80% mask replacement, 10% random replacement, and 10% unchanged selected tokens, then fine-tuned. Length-bucketed, token-budgeted batches, mixed precision, AdamW, warmup/decay schedules, and gradient clipping are used. Inference applies sigmoid outputs and ensemble blending.","[""SOURCE:102-171"", ""SOURCE:178-258"", ""SOURCE:268-306"", ""SOURCE:338-445"", ""SOURCE:451-481""]",
jubias-pair-001-baseline-44e0ae1e-6af8-43bd-a941-c7d230dca3f7,trial0010,baseline,f6c0b1891bf025d089870f8d52688fc5550843157106b184bdbb7331ce0f530b,True,ok,Bias-aware LSTM and Transformer ensemble,"The solution lowercases and regex-tokenizes comments, fitting a word vocabulary on training text only; sequences are head-truncated to 256 tokens with padding and unknown-token handling. It trains three randomly seeded two-layer bidirectional LSTMs with spatial embedding dropout, max/mean pooling of both recurrent layers, residual dense features, toxicity logits, and identity auxiliary logits. It also trains a six-layer pre-normalized Transformer encoder with positional embeddings. The Transformer is first pretrained on training comments using masked-language modeling over frequent vocabulary IDs, then fine-tuned for toxicity and identity prediction. Training uses length-bucketed, token-budgeted batches, weighted binary cross-entropy for toxicity that upweights identity-related bias cases, auxiliary identity BCE, mixed precision, gradient clipping, AdamW, warmup and decay schedules. LSTM epoch predictions are exponentially checkpoint-blended. Inference averages seeds within each family, then combines Transformer and LSTM probabilities equally.","[""SOURCE:34-75"", ""SOURCE:102-171"", ""SOURCE:178-258"", ""SOURCE:264-278"", ""SOURCE:290-345"", ""SOURCE:347-445"", ""SOURCE:451-481""]",
jubias-pair-001-baseline-44e0ae1e-6af8-43bd-a941-c7d230dca3f7,trial0011,baseline,3a8e05618d2df57f5ac04153bcdc1b5e47494601b953e6b41148fa238c38cec3,True,ok,Bias-aware LSTM and Transformer text ensemble,"Comments are lowercased and regex-tokenized; a vocabulary is built only from training comments, with rare/out-of-vocabulary tokens mapped to UNK and sequences head-truncated to 256 tokens. The system trains three randomly seeded two-layer bidirectional LSTMs and one six-layer pre-layer-normalized Transformer. Both use masked max and mean pooling, dense classification layers, a toxicity logit, and auxiliary multilabel identity logits. Training minimizes weighted binary cross-entropy for toxicity plus identity BCE; weights upweight identity-containing comments, background positives, and subgroup negatives. Batches are shuffled, length-bucketed, dynamically reduced under a token budget, and processed with mixed precision, gradient clipping, AdamW, warmup, and scheduled learning rates. The Transformer is first pretrained on training text with masked-language modeling over frequent vocabulary IDs, then fine-tuned. Inference sorts by length, predicts sigmoid probabilities, averages epoch checkpoints for LSTMs with exponentially increasing weights, averages seed outputs within family, and blends LSTM and Transformer family means equally.","[""SOURCE:34-76"", ""SOURCE:103-172"", ""SOURCE:203-259"", ""SOURCE:269-307"", ""SOURCE:339-446"", ""SOURCE:452-482""]",
jubias-pair-002-analogy-750393d4-d146-487c-8f0f-f0ff710ff006,trial0001,analogy,b7d99f312999a296cacd7de526b94270eed0cf7cb4275fabbce3441bd12a6c28,True,ok,Identity-Auxiliary Word BiLSTM Classifier,"The solution tokenizes lowercased comments into words and punctuation, builds a fit-split frequency vocabulary with padding and unknown IDs, and truncates sequences to 220 tokens. A 300-dimensional embedding, spatial dropout, two-layer bidirectional LSTM, masked max/mean pooling, and two residual ReLU projection layers produce logits for toxicity and identity attributes. Training uses main binary cross-entropy on fractional toxicity targets, plus masked auxiliary BCE averaged across available identity labels. Main-loss weights upweight identity-containing examples, toxic examples without identities, and non-toxic identity examples, then are normalized by their mean. Length-bucketed shuffled batches reduce padding. Adam optimization uses mixed precision, gradient scaling, norm clipping at 1.0, and exponentially decayed learning rate over four epochs. At inference, batches are length-sorted, the model applies sigmoid to the main logit, and validation predictions are evaluated and saved with model artifacts.","[""SOURCE:29-42"", ""SOURCE:60-79"", ""SOURCE:85-128"", ""SOURCE:134-189"", ""SOURCE:197-241""]",
jubias-pair-002-analogy-750393d4-d146-487c-8f0f-f0ff710ff006,trial0002,analogy,29879b834ca0c8bc0e3a39303aa821a59c9311f38a281c82aeb7ecf607818aa9,True,ok,Identity-aware word-level BiLSTM classifier,"The solution tokenizes lowercased comments with a regex, builds a fit-split frequency vocabulary, maps unknown words to a dedicated ID, pads or truncates comments to 220 tokens, and caches encoded train/validation arrays. A 300-dimensional embedding with spatial dropout feeds a two-layer bidirectional LSTM. Masked temporal max and mean pooling are concatenated, then processed by two residual ReLU linear blocks to produce a toxicity logit and identity logits. Training uses length-bucketed shuffled batches augmented with uniformly identity-sampled reservoir rows. The objective combines sample-weighted main binary cross-entropy, masked auxiliary identity BCE, and a logistic pairwise ranking loss over overall, subgroup, and cross-group positive/negative pools. Main targets may be fractional; ranking uses 0.5 thresholds. Adam, mixed precision, gradient clipping, and epochwise multiplicative learning-rate decay are used. Inference returns sigmoid probabilities from the main logit; validation predictions, weights, configuration, and metrics are saved.","[""SOURCE:29-45"", ""SOURCE:63-112"", ""SOURCE:115-147"", ""SOURCE:153-208"", ""SOURCE:216-267""]",
jubias-pair-002-analogy-750393d4-d146-487c-8f0f-f0ff710ff006,trial0003,analogy,df81fd3d8899f0655641053fa4cabec8232e3bdfe0f0c6e05474ea33e8ba9e29,True,ok,Identity-Aware Word BiLSTM Classifier,"The solution lowercases comment text and tokenizes words, contractions, numbers, and punctuation. It builds a fit-split-only vocabulary of the 120,000 most frequent tokens, maps padding to 0 and unknown tokens to 1, and truncates comments to 220 tokens. A 300-dimensional embedding feeds spatial dropout and a two-layer bidirectional LSTM. Masked temporal max and mean pooling are concatenated, then processed by two residual ReLU linear layers to produce toxicity and identity logits. Training uses Adam with mixed precision, gradient scaling, norm clipping at 1.0, and learning rate decay each epoch. Main binary cross-entropy uses fractional toxicity targets and weights identity-containing examples, background positives, and subgroup negatives; masked auxiliary BCE predicts identity labels. Length-bucketed shuffled batches reduce padding. Validation inference applies sigmoid to the toxicity logit, and epoch predictions are combined with exponentially increasing epoch weights.","[""SOURCE:29-43"", ""SOURCE:61-80"", ""SOURCE:86-129"", ""SOURCE:135-161"", ""SOURCE:163-190"", ""SOURCE:199-229"", ""SOURCE:237-247""]",
jubias-pair-002-analogy-750393d4-d146-487c-8f0f-f0ff710ff006,trial0004,analogy,89dc153e5b5b3694bb39681dc49a14e096b80dea8b665de9a8c65919d727ba65,True,ok,Identity-Aware Word BiLSTM Classifier,"The solution lowercases and regex-tokenizes comments, builds a fit-split frequency vocabulary with padding and unknown tokens, and truncates sequences to 220 tokens. A 300-dimensional embedding, spatial dropout, two-layer bidirectional LSTM, masked max/mean pooling, residual ReLU fully connected layers, and multi-output head predict toxicity plus identity labels. Main targets can retain fractional values; identity targets use masks for missing annotations. Training upweights identity-containing rows, background-positive rows, and subgroup-negative rows, then minimizes weighted main binary cross-entropy plus masked auxiliary identity BCE. It uses length-bucketed shuffled batches, Adam, mixed precision with gradient scaling, gradient clipping, and epochwise multiplicative learning-rate decay. A final head-only stage freezes the encoder and optimizes the BCE anchor plus logistic pairwise ranking losses across overall, subgroup, BPSN, and BNSP-style pools. Inference applies sigmoid to the toxicity logit in length-bucketed batches.","[""SOURCE:29-46"", ""SOURCE:64-83"", ""SOURCE:89-132"", ""SOURCE:138-169"", ""SOURCE:171-198"", ""SOURCE:204-269"", ""SOURCE:281-291""]",
jubias-pair-002-analogy-750393d4-d146-487c-8f0f-f0ff710ff006,trial0005,analogy,3a3423747b39f4ccde3df66319ef4794bf1c3b4d0405dacd595c547475400e17,False,ok,Identity-aware BiLSTM toxicity classifier,"The solution tokenizes lowercase comments into words and punctuation, builds a fit-split frequency vocabulary, maps unknown tokens separately, truncates to 220 tokens, and batches examples by length. A 300-dimensional embedding feeds spatial dropout and a two-layer bidirectional LSTM. Masked max and mean sequence pooling are concatenated and passed through two residual ReLU layers to produce toxicity and identity logits. Training uses mixed-precision Adam, gradient clipping, decayed learning rate, weighted toxicity BCE, and masked auxiliary BCE for identity labels. Sample weights upweight identity-containing examples, non-identity toxic examples, and identity non-toxic examples. It then constructs frozen encoder features and fine-tunes only the prediction head using BCE plus logistic pairwise ranking losses for overall and identity subgroup, BPSN, and BNSP pools; bias-pool weights are updated by exponentiated gradients and mixed with uniform weights. Inference returns sigmoid toxicity probabilities.","[""SOURCE:29-48"", ""SOURCE:66-115"", ""SOURCE:118-134"", ""SOURCE:140-171"", ""SOURCE:173-200"", ""SOURCE:208-227"", ""SOURCE:236-292"", ""SOURCE:307-317""]",
jubias-pair-002-analogy-750393d4-d146-487c-8f0f-f0ff710ff006,trial0006,analogy,fab816c1670dcaa0256c18e79f68ca439afed0d852be59bb431cd324546c36e9,True,ok,Identity-aware BiLSTM toxicity classifier,"The solution tokenizes lowercased comments with a regex, builds a fit-split frequency vocabulary, maps unknown words to an unknown token, truncates to 220 tokens, and caches encoded train/validation arrays. A learned 300-dimensional embedding with spatial dropout feeds a two-layer bidirectional LSTM. Masked temporal max and mean pooling are concatenated and passed through two residual ReLU linear layers to predict toxicity plus identity labels. Training uses Adam, mixed precision, gradient clipping, length-bucketed batches, decayed learning rate, masked multi-label BCE, and normalized weights that upweight identity examples, background positives, and subgroup negatives. Toxicity targets may be fractional. After training, the encoder is frozen into a feature bank; only the head is fine-tuned using BCE plus logistic pairwise ranking losses for overall and identity subgroup/BPSN/BNSP pools. Per-identity sampled bank rows augment pools, while exponentiated-gradient weights emphasize higher-loss bias pools. Inference returns sigmoid toxicity probabilities.","[""SOURCE:29-48"", ""SOURCE:66-134"", ""SOURCE:140-200"", ""SOURCE:208-300"", ""SOURCE:308-318""]",
jubias-pair-002-analogy-750393d4-d146-487c-8f0f-f0ff710ff006,trial0007,analogy,cc7db41adf6abe6679c63da13329304577b0748b5f37f7dabd2b0601ed15e278,True,ok,Identity-Aware BiLSTM Toxicity Classifier,"The solution tokenizes lowercased comments with a word/punctuation regex, builds a 120,000-word vocabulary from the training split, maps unknown words to a dedicated ID, and truncates sequences to 220 tokens. A two-layer bidirectional LSTM encodes spatially dropped 300-dimensional embeddings. Masked max and mean pooling are concatenated and passed through two residual ReLU layers to predict toxicity and identity attributes. Training uses masked binary cross-entropy, optionally with fractional toxicity targets; toxicity loss is sample-weighted to emphasize identity rows, background positives, and subgroup negatives. Identity labels provide an auxiliary loss. Adam, mixed precision, gradient scaling, norm clipping, length-bucketed batches, and epoch-wise learning-rate decay are used. A head-only stage freezes the encoder and adds logistic pairwise ranking loss across overall, subgroup, and subgroup/background pools. Two independently seeded models are trained; sigmoid toxicity predictions are averaged for validation inference.","[""SOURCE:29-48"", ""SOURCE:66-85"", ""SOURCE:91-134"", ""SOURCE:140-166"", ""SOURCE:168-195"", ""SOURCE:201-283"", ""SOURCE:292-301""]",
jubias-pair-002-analogy-750393d4-d146-487c-8f0f-f0ff710ff006,trial0008,analogy,2b3ed9ef56a3889468dd4874df065c4496cecb4fa3777a84b62c0b37743066fe,True,ok,Identity-Aware BiLSTM Toxicity Classifier,"The solution tokenizes lowercased comments with a regex, builds a 120,000-word vocabulary from the fit split, maps out-of-vocabulary words to an unknown token, truncates comments to 220 tokens, and caches encoded train/validation arrays. A two-layer bidirectional LSTM consumes 300-dimensional learned embeddings after spatial dropout. Masked max and mean sequence pooling are concatenated and passed through two residual ReLU linear layers to produce toxicity and identity logits. Training uses masked binary cross-entropy for the main fractional toxicity target and identity auxiliary targets. Main-loss sample weights upweight identity-containing rows, background positives, and subgroup negatives. Length-bucketed batches reduce padding. Adam with epochwise learning-rate decay, mixed precision, gradient scaling, and gradient-norm clipping trains each model. The encoder is then frozen while the head is fine-tuned using BCE plus logistic pairwise ranking losses over overall and identity subgroup, BPSN, and BNSP pools. Two seed-trained models average sigmoid toxicity predictions.","[""SOURCE:29-48"", ""SOURCE:66-134"", ""SOURCE:140-195"", ""SOURCE:201-284"", ""SOURCE:292-301""]",
jubias-pair-002-analogy-750393d4-d146-487c-8f0f-f0ff710ff006,trial0009,analogy,4420bd434fc5b6620f235a3573f3ec7ac1be65c067d1fce51404223deae23180,True,ok,Identity-Aware BiLSTM Toxicity Classifier,"The solution tokenizes lowercased comments with a regex, builds a fit-split frequency vocabulary, maps unknown tokens to a dedicated ID, truncates to 220 tokens, and caches encoded train/validation arrays. A bidirectional two-layer LSTM consumes spatially dropped 300-dimensional word embeddings. Masked temporal max and mean pooling are concatenated and passed through two residual ReLU linear layers to produce toxicity and identity logits. Training uses weighted toxicity BCE, with upweighting for identity-containing examples, background positives, and subgroup negatives, plus masked auxiliary BCE for identity labels. Adam, mixed precision, gradient scaling, norm clipping, length-bucketed batches, and epoch-wise learning-rate decay are used. A head-only fine-tuning stage freezes encoder features and adds a logistic pairwise ranking loss across overall, subgroup, BPSN, and BNSP pools, with smooth worst-pool aggregation. Two seeded models are trained; validation toxicity probabilities are averaged for inference.","[""SOURCE:29-49"", ""SOURCE:67-116"", ""SOURCE:119-135"", ""SOURCE:141-167"", ""SOURCE:169-196"", ""SOURCE:202-293"", ""SOURCE:301-310""]",
jubias-pair-002-analogy-750393d4-d146-487c-8f0f-f0ff710ff006,trial0010,analogy,32fd6fb22bacced784016ee771900af48faccb6e73aec5f9e2e344e3df9dc15e,True,ok,Identity-Aware BiLSTM Toxicity Classifier,"The solution lowercases and regex-tokenizes comments, builds a fit-split frequency vocabulary, maps unknown tokens to a dedicated ID, truncates sequences to 220 tokens, and caches encoded train/validation arrays. A learned 300-dimensional embedding with spatial dropout feeds a two-layer bidirectional LSTM. Masked max and mean temporal pooling are concatenated and passed through two residual ReLU linear layers to jointly predict toxicity and identity labels. Training uses masked binary cross-entropy, optionally with fractional toxicity targets; toxicity loss is normalized identity-aware weighted to emphasize identity rows, background positives, and subgroup negatives. Adam, mixed precision, gradient scaling, norm clipping, length-bucketed shuffled batches, and epoch-wise learning-rate decay are used. The encoder is then frozen and the head fine-tuned using BCE plus a logistic pairwise ranking loss over overall and identity subgroup, BPSN, and BNSP pools, with smooth worst-pool aggregation. Two seed-trained models average sigmoid toxicity predictions at inference.","[""SOURCE:29-49"", ""SOURCE:67-135"", ""SOURCE:141-196"", ""SOURCE:202-295"", ""SOURCE:303-312""]",
jubias-pair-002-analogy-750393d4-d146-487c-8f0f-f0ff710ff006,trial0011,analogy,63e36b3087f2f84117ad27ef5ad8e6b5b40a2f3052ca56a5079d31acfe7dc454,True,ok,Identity-Aware BiLSTM Toxicity Classifier,"The solution tokenizes lowercased comments with a regex, builds a fit-split frequency vocabulary, maps unknown tokens to a dedicated ID, truncates to 220 tokens, and length-buckets batches. A two-member seed ensemble uses learned 300-dimensional embeddings, spatial dropout, a two-layer bidirectional LSTM, masked max and mean pooling, residual ReLU dense layers, and toxicity plus identity logits. Main toxicity BCE uses fractional targets by default and normalized weights that upweight identity examples, background positives, and subgroup negatives; masked BCE trains available identity labels as auxiliary targets. Adam optimization uses mixed precision, gradient scaling, norm clipping, and epoch-wise learning-rate decay. Each model then freezes the encoder and fine-tunes its head with BCE plus a logistic pairwise ranking loss over overall and identity subgroup, background-positive/subgroup-negative, and subgroup-positive/background-negative pools, with smooth worst-pool aggregation. Inference averages sigmoid toxicity probabilities across seeds.","[""SOURCE:29-49"", ""SOURCE:67-135"", ""SOURCE:141-196"", ""SOURCE:202-285"", ""SOURCE:291-305""]",
jubias-pair-002-analogy-750393d4-d146-487c-8f0f-f0ff710ff006,trial0012,analogy,9d1fe4b9db3e8928f7b473b8430e22a1a43eebb4eaf934a274e2acc4ab4b900c,True,ok,Identity-Aware BiLSTM Toxicity Classifier,"The solution tokenizes lowercased comments with a regex, builds a fit-split vocabulary of the 120,000 most frequent words, maps unknown words to a reserved token, and truncates sequences to 220 tokens. A two-layer bidirectional LSTM consumes 300-dimensional learned embeddings with spatial dropout. Masked max and mean pooling are concatenated and passed through two residual ReLU linear layers to predict toxicity and all identity labels. Main toxicity BCE uses fractional targets by default and sample weights that upweight identity rows, background-positive rows, and subgroup-negative rows; masked auxiliary identity BCE is added. Length-bucketed shuffled batches reduce padding. Adam, mixed precision, gradient scaling, norm clipping, and epoch-wise learning-rate decay train each seed model. A head-only stage freezes encoding, retains BCE, and adds a logistic pairwise ranking loss over overall and identity subgroup/BPSN/BNSP pools, augmented by sampled identity-positive and identity-negative reservoir rows. Validation toxicity probabilities are averaged across seeded models.","[""SOURCE:29-50"", ""SOURCE:68-117"", ""SOURCE:120-136"", ""SOURCE:142-197"", ""SOURCE:203-223"", ""SOURCE:225-301"", ""SOURCE:310-319""]",
jubias-pair-002-analogy-750393d4-d146-487c-8f0f-f0ff710ff006,trial0013,analogy,94d650cbeb25fe298fcf48c62d9756a2fb7f64b032e1e9076e2bab767496c432,True,ok,Identity-Aware BiLSTM Toxicity Classifier,"The solution tokenizes lowercased comments with a regex, builds a fit-split frequency vocabulary, maps unknown words to a dedicated token, and truncates sequences to 220 tokens. A two-layer bidirectional LSTM encodes spatially dropped 300-dimensional word embeddings. Masked temporal max and mean pooling are concatenated, passed through two residual ReLU linear layers, and output a toxicity logit plus identity logits. Training uses length-bucketed shuffled batches, mixed precision, Adam, gradient clipping, and epoch-wise learning-rate decay. The main BCE loss uses fractional toxicity targets and upweights identity-containing rows, background-positive rows, and subgroup-negative rows; masked BCE auxiliary losses train identity outputs. A whole-model fine-tuning stage retains BCE and adds a logistic pairwise ranking loss over overall, subgroup, background-positive/subgroup-negative, and subgroup-positive/background-negative pools, with smooth worst-pool aggregation. Two seed-trained models are saved and their sigmoid toxicity predictions are averaged for validation inference.","[""SOURCE:29-49"", ""SOURCE:67-86"", ""SOURCE:92-135"", ""SOURCE:141-167"", ""SOURCE:169-196"", ""SOURCE:202-222"", ""SOURCE:227-293"", ""SOURCE:301-310""]",
jubias-pair-002-analogy-750393d4-d146-487c-8f0f-f0ff710ff006,trial0014,analogy,d0dacc681c9bab1bc3ef3b936695cc9344564abed5fa6df55d6e5d353e709b39,True,ok,Identity-Aware BiLSTM Toxicity Classifier,"The solution lowercases and regex-tokenizes comments, builds a fit-split frequency vocabulary, maps unknown tokens to a dedicated ID, truncates to 220 tokens, and caches train/validation encodings. A three-seed ensemble uses an embedding layer, spatial dropout, two-layer bidirectional LSTM, masked max and mean pooling, residual ReLU dense layers, and logits for toxicity plus identity attributes. Main toxicity BCE uses fractional targets; masked auxiliary BCE supervises available identity labels. Sample weights upweight identity-containing comments, background toxic comments, and non-toxic identity comments. Adam training uses length-bucketed shuffled batches, mixed precision, gradient scaling, gradient-norm clipping, and epoch-wise learning-rate decay. The encoder is then frozen while the head is fine-tuned using the BCE objective plus a logistic pairwise ranking loss across overall, subgroup, background-positive/subgroup-negative, and subgroup-positive/background-negative pools, with smooth worst-pool aggregation. Inference averages sigmoid toxicity probabilities across ensemble members.","[""SOURCE:29-49"", ""SOURCE:67-135"", ""SOURCE:141-196"", ""SOURCE:202-293"", ""SOURCE:301-310""]",
jubias-pair-002-analogy-750393d4-d146-487c-8f0f-f0ff710ff006,trial0015,analogy,8f36974862110788307fe6b885ccd0c7c87e1c11040c7ed2bcce3aa9980e02fe,True,ok,Identity-Aware Word-Level BiLSTM Ensemble,"The solution tokenizes lowercased comments into words and punctuation, builds a fit-split frequency vocabulary, maps unknown tokens to a reserved ID, truncates to 220 tokens, and caches encoded train/validation arrays. A bidirectional two-layer LSTM consumes 300-dimensional learned embeddings with spatial dropout. Masked max and mean pooling are concatenated and passed through two residual ReLU linear layers to predict toxicity plus identity attributes. Training uses weighted main binary cross-entropy, optionally with fractional toxicity targets, and masked auxiliary identity BCE. Weights upweight identity-containing examples, background-toxic examples, and non-toxic identity examples. Length-bucketed shuffled batches reduce padding. Adam, mixed precision, gradient scaling, norm clipping, and epoch-wise learning-rate decay optimize the network. The encoder is then frozen while the head is fine-tuned using BCE plus a logistic pairwise ranking loss over overall and identity subgroup, BPSN, and BNSP pools. Five differently seeded models are trained; sigmoid toxicity predictions are averaged for validation inference.","[""SOURCE:29-49"", ""SOURCE:67-135"", ""SOURCE:141-196"", ""SOURCE:202-293"", ""SOURCE:301-310""]",
jubias-pair-002-analogy-750393d4-d146-487c-8f0f-f0ff710ff006,trial0016,analogy,6807a4df06b298b0530bee81b0e9a0743055deb03a8cc927e386ec0904889ac8,True,ok,Identity-Aware BiLSTM Toxicity Ensemble,"The solution tokenizes lowercased comments with a regex, builds a fit-split frequency vocabulary, maps unknown words to an unknown token, truncates to 220 tokens, and caches train/validation encodings. A bidirectional two-layer LSTM processes 300-dimensional learned embeddings with spatial dropout; masked max and mean pooling are concatenated and passed through two residual ReLU layers to predict toxicity and identity labels. Training uses masked multi-label BCE, fractional toxicity targets by default, normalized weights that upweight identity examples, background positives, and subgroup negatives, Adam, mixed precision, gradient clipping, length-bucketed batches, and epochwise learning-rate decay. Each model then freezes the encoder and fine-tunes its head using BCE plus a logistic pairwise ranking loss over overall, subgroup, BPSN, and BNSP pools, with smooth worst-pool aggregation. Five independently seeded models are trained; validation toxicity probabilities are averaged for evaluation and saved.","[""SOURCE:29-49"", ""SOURCE:67-135"", ""SOURCE:141-196"", ""SOURCE:202-293"", ""SOURCE:301-310""]",
jubias-pair-002-analogy-750393d4-d146-487c-8f0f-f0ff710ff006,trial0017,analogy,fbe19704b3dd3ddb9ee055b746cb0b86324b0ae93a48b796bf42790d414f8fdd,True,ok,Identity-Aware BiLSTM Toxicity Ensemble,"The solution tokenizes lowercased comments with a regex, builds a fit-split frequency vocabulary, maps unknown tokens to a dedicated ID, truncates to 220 tokens, and length-buckets batches. A model uses learned 300-dimensional word embeddings, spatial dropout, a two-layer bidirectional LSTM, masked max and mean pooling, residual ReLU fully connected layers, and logits for toxicity plus identity attributes. Training uses masked binary cross-entropy for identity labels and weighted main-task BCE, with higher weights for identity-containing rows, background toxic rows, and non-toxic identity rows. Adam, mixed-precision gradient scaling, gradient clipping, and per-epoch learning-rate decay are used. Each model then freezes the encoder and fine-tunes its head with BCE plus a logistic pairwise ranking loss covering overall and smoothed worst identity subgroup, BPSN, and BNSP pools; missing memberships use detached auxiliary predictions. Five seed-trained models average sigmoid toxicity predictions at validation inference.","[""SOURCE:29-49"", ""SOURCE:67-116"", ""SOURCE:119-135"", ""SOURCE:141-196"", ""SOURCE:202-227"", ""SOURCE:232-300"", ""SOURCE:308-317""]",
jubias-pair-002-baseline-97784c12-1daf-4f23-930a-3c856920f958,trial0001,baseline,95a06a25763f3a61a766cfef484622e0b7779bd63e12fe362bc7d555ef9b03ac,True,ok,Bidirectional Transformer Toxicity Classifier,"The solution trains a six-layer, 512-dimensional bidirectional Transformer encoder from scratch for comment toxicity prediction, with additional outputs for identity attributes. GPT-2 BPE tokenization is cached; each comment receives an end-of-text token as CLS, is truncated to 256 tokens, and batches are length-bucketed with padding masks. Attention is non-causal, uses rotary positional embeddings and RMS normalization, and the classifier combines CLS, masked mean, and masked max pooled representations. Training uses weighted binary cross-entropy for soft toxicity targets plus equally weighted multi-label binary cross-entropy for identity auxiliaries. Sample weights upweight identity-containing comments, especially non-toxic identity comments, then are normalized by their mean. The head and embeddings use AdamW, while Transformer matrices use a Muon-style momentum update with iterative polar orthogonalization and adaptive scaling. Learning rates warm up then decay linearly over two epochs. Inference length-sorts validation comments and returns sigmoid-transformed toxicity logits.","[""SOURCE:29-160"", ""SOURCE:324-404"", ""SOURCE:410-453"", ""SOURCE:463-518""]",
jubias-pair-002-baseline-97784c12-1daf-4f23-930a-3c856920f958,trial0002,baseline,ac1cd61534bcd25617bbe03591cc360225ea5d8c677f29485bb87aae137e0e45,True,ok,Bias-Aware Transformer Toxicity Classifier,"The solution trains a bidirectional Transformer encoder from scratch for toxicity prediction with auxiliary identity-label prediction. Comments are GPT-2 BPE tokenized, prepended with the end-of-text token as CLS, truncated to 256 tokens, dynamically padded in length buckets, and supplied with padding masks. The encoder uses token embeddings, six pre-normalized residual blocks with eight?","[""SOURCE:1-4"", ""SOURCE:29-160"", ""SOURCE:285-303"", ""SOURCE:324-404"", ""SOURCE:410-453"", ""SOURCE:459-518""]",
jubias-pair-002-baseline-97784c12-1daf-4f23-930a-3c856920f958,trial0003,baseline,beb540bd26eb959a8d93ba4453da09cd5294abf2f077fb90f1ef591a5b425187,True,ok,Bidirectional Transformer Toxicity Classifier,"A six-layer, eight-head bidirectional Transformer encoder is trained from scratch for soft toxicity prediction with auxiliary identity-label prediction. GPT-2 BPE tokenization prepends the end-of-text token as CLS, truncates comments to 256 tokens, and pads batches to length buckets. Attention is non-causal and masks padding; token representations use rotary positions, RMS normalization, residual attention and squared-ReLU MLPs. The classifier concatenates CLS, masked mean-pooled, and masked max-pooled final representations. Training uses weighted binary cross-entropy for toxicity plus equally weighted auxiliary BCE for identities. Sampling shuffles rows, length-sorts within large chunks to reduce padding, then randomly orders full batches. Rows involving identities and selected toxicity/identity combinations receive increased normalized sampling loss weights. Embeddings and head use AdamW; Transformer matrices use Muon with momentum, Newton-Schulz-style orthogonalization, adaptive scaling, and conditional weight decay. Learning rates warm up then decay linearly. Inference length-sorts validation examples and returns sigmoid toxicity probabilities.","[""SOURCE:29-160"", ""SOURCE:128-145"", ""SOURCE:174-279"", ""SOURCE:285-303"", ""SOURCE:324-404"", ""SOURCE:429-453"", ""SOURCE:463-518""]",
jubias-pair-002-baseline-97784c12-1daf-4f23-930a-3c856920f958,trial0004,baseline,71386490e5cdc978d7d4a38bddba98986ef4db976526ed840d7acbb30bf2eefd,True,ok,Bias-weighted transformer toxicity classifier,"The solution trains a bidirectional Transformer encoder from scratch to predict a soft toxicity target and auxiliary soft identity labels. GPT-2 BPE tokenization is cached; each comment receives an end-of-text CLS token, is truncated to 256 tokens, and is padded in length-bucketed batches with an attention padding mask. The encoder has six pre-normalized attention/MLP blocks with rotary embeddings, RMS normalization, eight heads, 512-dimensional embeddings, and CLS, masked-mean, and masked-max pooled features for a joint classification head. Training upweights identity-containing and selected toxicity groups, using weighted binary cross-entropy for toxicity plus equally weighted auxiliary BCE. Batches are shuffled, locally length-sorted, then reordered. Embeddings and head use AdamW, while Transformer matrices use a momentum-based Muon update with orthogonalized gradients and selective weight decay. Learning rates warm up then decay linearly; Muon momentum ramps upward. FP16 autocast, gradient scaling, and an EMA of parameters are used. EMA weights produce sigmoid toxicity predictions for validation.","[""SOURCE:29-37"", ""SOURCE:52-73"", ""SOURCE:99-160"", ""SOURCE:328-405"", ""SOURCE:364-377"", ""SOURCE:411-456"", ""SOURCE:466-525""]",
jubias-pair-002-baseline-97784c12-1daf-4f23-930a-3c856920f958,trial0005,baseline,76960421057fb23d5ec18132f75ab3b32c4337562314a1182b5e002368e241c1,True,ok,Bidirectional Transformer Toxicity Classifier,"The solution trains a 6-layer bidirectional transformer encoder from scratch for toxicity prediction with auxiliary identity outputs. GPT-2 BPE tokenization prepends an end-of-text token as CLS, truncates comments to 256 tokens, and pads batches to length buckets with attention masking. The encoder uses token embeddings, rotary-positioned multi-head self-attention without a causal mask, RMS normalization, residual squared-ReLU MLP blocks, and concatenated CLS, masked mean, and masked max pooling for a linear multi-label head. Training predicts a soft toxicity target and soft identity labels using binary cross-entropy; toxicity loss is sample-weighted to emphasize identity-related and selected toxicity examples, while identity BCE is added with unit weight. Batches are shuffled, length-sorted within large chunks, then reshuffled. AdamW updates embeddings and head parameters, while transformer matrices use a momentum-based Muon update with iterative orthogonalization and adaptive scaling. Learning rates warm up then decay linearly. Inference length-sorts validation examples, applies sigmoid to the toxicity logit, and saves predictions and model artifacts.","[""SOURCE:29-160"", ""SOURCE:285-301"", ""SOURCE:324-404"", ""SOURCE:410-453"", ""SOURCE:463-518""]",
jubias-pair-002-baseline-97784c12-1daf-4f23-930a-3c856920f958,trial0006,baseline,d98ebfe320b3535d75f685c8cfb616558aa79a2860cb115289239887c3411423,True,ok,Bidirectional Transformer Toxicity Classifier,"A six-layer, eight-head bidirectional Transformer encoder is trained from scratch for toxicity prediction with auxiliary identity-label prediction. Comments are GPT-2 BPE tokenized, prefixed with the end-of-text token as CLS, truncated to 256 tokens, and dynamically padded in length-bucketed batches. Attention permits all real tokens while masking padding; rotary position embeddings and RMS normalization are used. The classifier concatenates CLS, masked mean, and masked max pooled final representations. The primary soft toxicity binary-cross-entropy loss is reweighted to emphasize identity-related and toxicity/identity combinations; unweighted BCE over identity targets is added with unit weight. Training runs for two epochs with fp16 autocast and gradient scaling. Embeddings and head use AdamW, while Transformer matrices use a Muon-style momentum update with iterative orthogonalization and adaptive scaling. Learning rates warm up then decay linearly; Muon momentum rises from 0.85 to 0.95. Inference sorts examples by length and returns sigmoid toxicity probabilities.","[""SOURCE:29-160"", ""SOURCE:327-405"", ""SOURCE:411-485"", ""SOURCE:442-454""]",
jubias-pair-002-baseline-97784c12-1daf-4f23-930a-3c856920f958,trial0007,baseline,0ed0f8f8638cc0c01d0a121971c15d749952442c8f9fcad17e721c3f8c592d89,False,ok,Bias-weighted transformer toxicity classifier,"The solution defines a bidirectional Transformer encoder for comment classification. GPT-2 BPE tokens are truncated to 255 tokens, prefixed with an end-of-text token used as CLS, and padded in length buckets; attention masks exclude padding. Six pre-norm blocks use RMS normalization, rotary-position multi-head self-attention, residual connections, and squared-ReLU MLPs. The classifier concatenates CLS, masked mean-pooled, and masked max-pooled representations to predict a toxicity logit plus identity auxiliary logits. Training uses soft toxicity and identity labels. Toxicity BCE is weighted to emphasize identity-containing and non-toxic identity examples, while unweighted auxiliary BCE is added. Batches are shuffled, locally length-sorted, then reordered. Embeddings and head use AdamW; Transformer matrices use a Muon-style momentum, orthogonalized-gradient update. Learning rates linearly warm up then decay, and Muon momentum rises from 0.85 to 0.95. Inference applies sigmoid to the toxicity logit; predictions from configured members are averaged.","[""SOURCE:29-160"", ""SOURCE:327-404"", ""SOURCE:410-500"", ""SOURCE:510-525""]",
jubias-pair-002-baseline-97784c12-1daf-4f23-930a-3c856920f958,trial0008,baseline,be9d0940d90df3aa87d79e44d0017a986b587b94769d595b91967b2b94ec6509,True,ok,Bidirectional Transformer Toxicity Classifier,"A two-member, independently initialized transformer ensemble predicts comment toxicity, with auxiliary sigmoid outputs for identity attributes. Text is tokenized with fixed GPT-2 BPE, prepended with an end-of-text CLS token, truncated to 256 tokens, and dynamically padded in length buckets. The encoder has six bidirectional self-attention blocks (8 heads, 512 dimensions), rotary position embeddings, RMS normalization, squared-ReLU MLPs, and CLS, masked-mean, and masked-max pooling concatenated for classification. Training uses weighted binary cross-entropy for soft toxicity labels plus equally weighted binary cross-entropy identity loss. Sampling shuffles examples, sorts local chunks by length, and randomizes full batches. Embeddings and the output head use AdamW; transformer matrices use Muon with momentum, orthogonalized updates, adaptive scaling, and selective weight decay. Learning rates warm up then decay linearly over two epochs. FP16 autocasting and gradient scaling are used. Inference applies sigmoid to toxicity logits and averages member probabilities.","[""SOURCE:29-160"", ""SOURCE:285-305"", ""SOURCE:328-405"", ""SOURCE:414-499"", ""SOURCE:511-523"", ""SOURCE:221-279""]",
jubias-pair-002-baseline-97784c12-1daf-4f23-930a-3c856920f958,trial0009,baseline,65702080c256adff5c2e5c074b1150d4cb668ecbd81eb4885a1849cfb4bd5d6f,True,ok,Ensembled bidirectional transformer toxicity classifier,"The solution trains three independently seeded transformer encoders for toxicity prediction and averages their validation probabilities. Text is GPT-2-BPE tokenized, prefixed with an end-of-text CLS token, truncated to 256 tokens, dynamically padded in length buckets, and processed with a real-token attention mask. Each 6-layer, 8-head, 512-dimensional bidirectional encoder uses RMS normalization, rotary embeddings, residual attention and squared-ReLU MLP blocks. A classifier combines CLS, masked mean-pool, and masked max-pool features to predict toxicity plus identity attributes. Training uses weighted binary cross-entropy for soft toxicity labels, upweighting identity-related and selected toxicity examples, plus equally weighted auxiliary BCE for identity labels. Batches are shuffled, length-sorted within large chunks, then reordered. Parameters are trained for two epochs with fp16 autocast and gradient scaling; embeddings and head use AdamW, while transformer matrices use a momentum-based Muon update with approximate polar orthogonalization. Learning rates linearly warm up then decay to zero. Inference applies sigmoid to toxicity logits and averages members.","[""SOURCE:29-160"", ""SOURCE:221-279"", ""SOURCE:285-304"", ""SOURCE:325-405"", ""SOURCE:414-499"", ""SOURCE:511-526""]",
jubias-pair-003-analogy-289ef6cc-7122-4b20-a6df-6da2767d0636,trial0001,analogy,f2a029991f8c3f7831474ad8ac602acd80f7a81ec9a59cac4cef2bd268a1d241,True,ok,Transformer Toxicity Classifier with Identity Auxiliary Tasks,"A bidirectional Transformer encoder is trained from scratch on GPT-2 BPE tokenized comments, truncated to 256 tokens. Token and learned positional embeddings feed six pre-layer-normalized self-attention/MLP blocks; attention masks exclude padding. The final token states are masked mean- and max-pooled, concatenated, and projected to one target logit plus one logit per identity label. Training uses soft-target binary cross-entropy for the main target and auxiliary identity BCE, with total auxiliary weight 0.5 distributed across identity outputs. Comments are cached as flat token arrays and dynamically padded; shuffled examples are length-sorted within chunks to reduce padding. AdamW applies weight decay only to non-positional matrix parameters, with linear warmup followed by cosine decay, mixed precision, and gradient-norm clipping. At inference, length-sorted validation batches produce sigmoid probabilities from the target logit.","[""SOURCE:2-3"", ""SOURCE:30-46"", ""SOURCE:55-126"", ""SOURCE:132-189"", ""SOURCE:209-238"", ""SOURCE:244-277""]",
jubias-pair-003-analogy-289ef6cc-7122-4b20-a6df-6da2767d0636,trial0002,analogy,b95ccd3962e3db455ee9616e891635d580a21ea6b993dcdeeaae4a4f0778178c,False,ok,Transformer toxicity classifier with identity ranking loss,"The solution trains a bidirectional Transformer encoder from scratch for comment toxicity prediction. Comments use fixed GPT-2 BPE tokenization, replace empty text with the end-of-text token, and retain at most 256 head tokens. Token and positional embeddings feed six pre-norm self-attention/MLP blocks; masked mean and max pooling are concatenated for a linear head producing one toxicity logit and identity logits. Training combines soft-target binary cross-entropy for toxicity with auxiliary identity BCE, plus a logistic pairwise ranking loss. Each step appends sampled rows from one rotating identity's subgroup-positive, subgroup-negative, background-positive, and background-negative pools, optimizing subgroup, BPSN, and BNSP comparisons. Main batches are shuffled and length-bucketed. AdamW uses selective weight decay, linear warmup followed by cosine decay, mixed precision, and gradient clipping. Inference length-sorts validation examples and outputs sigmoid toxicity probabilities from the final-epoch model.","[""SOURCE:30-48"", ""SOURCE:69-128"", ""SOURCE:134-191"", ""SOURCE:211-258"", ""SOURCE:264-301"", ""SOURCE:311-324""]",
jubias-pair-003-analogy-289ef6cc-7122-4b20-a6df-6da2767d0636,trial0003,analogy,940d41a76ad2a42d190081c03704e8522bb6de35556a812fdaa2575d825f838e,False,ok,Transformer toxicity classifier with identity ranking loss,"The solution trains a bidirectional Transformer encoder from scratch for comment toxicity prediction. GPT-2 BPE token IDs are head-truncated to 256 tokens, cached, dynamically padded, and length-bucketed after shuffled sampling. Token and positional embeddings feed six pre-layer-normalized, eight-head self-attention blocks; valid-token mean and max pooled representations are concatenated for a linear head producing one toxicity logit and identity logits. Training uses soft-target binary cross-entropy for toxicity plus weighted auxiliary BCE for identity labels. It also rotates through identities and samples toxic/non-toxic subgroup and background pools to apply logistic pairwise ranking losses for subgroup, BPSN, and BNSP comparisons. AdamW uses selective weight decay, linear warmup followed by cosine decay, mixed precision, and gradient clipping. At inference, examples are length-sorted and batched; sigmoid toxicity probabilities from the final-epoch model are returned.","[""SOURCE:2-4"", ""SOURCE:30-48"", ""SOURCE:57-128"", ""SOURCE:134-191"", ""SOURCE:211-258"", ""SOURCE:269-305"", ""SOURCE:313-326""]",
jubias-pair-003-analogy-289ef6cc-7122-4b20-a6df-6da2767d0636,trial0004,analogy,bef594f2b191a0902f0436527e65affecf938ab589eef740ee482dc61ea463c3,True,ok,Bidirectional Transformer Toxicity Classifier,"A six-layer bidirectional Transformer encoder is trained from scratch for comment toxicity prediction with auxiliary identity-label prediction. Comments are GPT-2 BPE-tokenized, truncated to 256 tokens, with empty texts replaced by the end-of-text token; token arrays are cached. Token and learned positional embeddings feed pre-norm multi-head self-attention and GELU MLP blocks. Attention masks exclude padded keys, and final valid-token mean and max pools are concatenated for a linear head producing one target logit plus identity logits. Training labels include the continuous target and missing identity labels filled with zero. Batches are shuffled and length-sorted within chunks to reduce padding. The objective is per-output BCE-with-logits, averaged by output and weighted as 1 for toxicity and total 0.5 across auxiliary identities. AdamW uses selective weight decay, linear warmup then cosine decay, mixed precision, and gradient clipping. Inference length-sorts validation examples and returns sigmoid target probabilities from the final-epoch model.","[""SOURCE:2-4"", ""SOURCE:30-46"", ""SOURCE:55-126"", ""SOURCE:132-189"", ""SOURCE:195-238"", ""SOURCE:244-300""]",
jubias-pair-003-analogy-289ef6cc-7122-4b20-a6df-6da2767d0636,trial0005,analogy,d903bc8632fe79bede10b96326a0fa6dc0480f03882dd934b03c246c648012b0,True,ok,GPT-2 BPE Transformer Toxicity Classifier,"The solution trains a bidirectional Transformer encoder from scratch for comment-level binary toxicity prediction. Comments are GPT-2 BPE-tokenized, head-truncated to 256 tokens, with empty texts replaced by the end-of-text token; token sequences are cached and dynamically padded per batch. The encoder uses token and learned positional embeddings, six pre-layer-normalized self-attention/MLP blocks, dropout, and masked mean-plus-max pooling. A linear head produces one toxicity logit and identity logits, although the configured auxiliary identity loss weight is zero. Training uses shuffled, length-bucketed batches for three epochs, soft-target binary cross-entropy on the toxicity target, AdamW with selective weight decay, linear warmup followed by cosine decay, mixed precision, and gradient clipping. At inference, examples are length-sorted and batched; sigmoid-transformed toxicity logits are restored to original order. The final epoch model and validation predictions are saved.","[""SOURCE:2-4"", ""SOURCE:30-46"", ""SOURCE:55-126"", ""SOURCE:132-189"", ""SOURCE:209-238"", ""SOURCE:244-300""]",
jubias-pair-003-analogy-289ef6cc-7122-4b20-a6df-6da2767d0636,trial0006,analogy,fa11ddcc180a308ccacd5728490074edc29dfaed65ab88395a4beb48c604770c,True,ok,Transformer Toxicity and Identity Classifier,"A bidirectional Transformer encoder is trained from scratch to predict a comment toxicity target and auxiliary identity labels. Comments are GPT-2 BPE-tokenized, head-truncated to 256 tokens, cached as flat token arrays, dynamically padded, and accompanied by valid-token masks. The encoder uses token and positional embeddings, six pre-norm self-attention/MLP blocks, and masked mean-plus-max pooling; a linear head emits one toxicity logit plus identity logits. Training minimizes soft-target binary cross-entropy per output, weighting toxicity 1 and distributing a 0.5 auxiliary weight across identities. Batches are shuffled and length-sorted within chunks to reduce padding. AdamW uses selective weight decay, linear warmup followed by cosine learning-rate decay, mixed precision, gradient clipping, and an EMA of parameters. Validation inference uses EMA weights, length-sorted batches, sigmoid toxicity probabilities, and saves final predictions and EMA parameters.","[""SOURCE:2-4"", ""SOURCE:30-47"", ""SOURCE:56-127"", ""SOURCE:133-190"", ""SOURCE:210-242"", ""SOURCE:253-306""]",
jubias-pair-003-analogy-289ef6cc-7122-4b20-a6df-6da2767d0636,trial0007,analogy,94252be34d6b2da7396328bcd069b4b1ef36f958af7f37620071029ac98e59a5,True,ok,Transformer Toxicity Classifier with Identity Ranking Loss,"The solution trains a bidirectional Transformer encoder from scratch for toxicity prediction. Comments are GPT-2 BPE-tokenized, head-truncated to 256 tokens, cached, and dynamically padded; shuffled training rows are length-bucketed to reduce padding. Token and positional embeddings feed six pre-layer-normalized self-attention/MLP blocks. Masked mean and max pooling are concatenated for a head producing one toxicity logit and auxiliary identity logits. Training uses soft-target binary cross-entropy, with identity losses downweighted, plus a rotating-identity pairwise logistic ranking loss over sampled subgroup, background-positive, and background-negative pools. AdamW uses selected weight decay, linear warmup followed by cosine decay, mixed precision, gradient clipping, and an exponential moving average of parameters. Inference sorts examples by length, predicts with EMA weights, and applies a sigmoid to the toxicity logit.","[""SOURCE:30-49"", ""SOURCE:58-129"", ""SOURCE:135-192"", ""SOURCE:212-261"", ""SOURCE:267-331""]",
jubias-pair-003-analogy-289ef6cc-7122-4b20-a6df-6da2767d0636,trial0008,analogy,9078eac49d3bfd26238f2a5e4ef93b32c1d33377176959615c9f1a83cd5a8a2a,True,ok,Transformer toxicity classifier with identity ranking loss,"A bidirectional Transformer encoder is trained from scratch for comment toxicity prediction. GPT-2 BPE token IDs are head-truncated to 256 tokens; empty comments receive the end-of-text token. Token and positional embeddings feed six pre-layer-normalized, eight-head self-attention blocks with GELU MLPs. Masked mean and max pooled token representations are concatenated for a head producing one toxicity logit and identity logits. Training uses soft-target binary cross-entropy for toxicity plus weighted auxiliary identity BCE. A rotating identity-specific reservoir additionally samples toxic/non-toxic subgroup and background rows, applying logistic pairwise losses for subgroup, BPSN, and BNSP ranking relations. Batches are shuffled and length-bucketed. AdamW uses selective weight decay, linear warmup then cosine decay, gradient clipping, mixed precision, and an EMA of parameters. Validation and saved predictions use EMA weights and the sigmoid of the toxicity logit.","[""SOURCE:2-4"", ""SOURCE:30-49"", ""SOURCE:58-129"", ""SOURCE:135-176"", ""SOURCE:212-261"", ""SOURCE:272-307"", ""SOURCE:318-331""]",
jubias-pair-003-analogy-289ef6cc-7122-4b20-a6df-6da2767d0636,trial0009,analogy,0aba0e686645ce2e6ee72d8b3a457be7514e42880087a3683f5e0896ba63e0c0,True,ok,Transformer Toxicity Classifier with Identity Ranking Loss,"A bidirectional Transformer encoder is trained from scratch on GPT-2 BPE tokenized comments, truncated to 256 tokens. Token and positional embeddings feed six pre-layer-normalized self-attention/MLP blocks. Valid-token mean and max pooling are concatenated for a linear head producing one toxicity logit and identity auxiliary logits. Training uses soft-target binary cross-entropy, with identity losses scaled collectively by 0.5, plus a weighted pairwise logistic ranking loss. Each step rotates through one identity and samples toxic/non-toxic subgroup and background pools to optimize subgroup, background-positive/subgroup-negative, and background-negative/subgroup-positive ranking cells. Cell-loss EMAs define softmax-based worst-cell weighting. AdamW uses selective weight decay, linear warmup followed by cosine decay, gradient clipping, mixed precision, and weight EMA. Length-bucketed shuffled batches reduce padding. Inference length-sorts examples, pads batches, and returns sigmoid toxicity probabilities from EMA weights.","[""SOURCE:30-51"", ""SOURCE:60-131"", ""SOURCE:137-194"", ""SOURCE:214-270"", ""SOURCE:281-317"", ""SOURCE:327-341""]",
jubias-pair-003-analogy-289ef6cc-7122-4b20-a6df-6da2767d0636,trial0010,analogy,bec2b182b0645492bc2b8424a9d2032dc34025e03244f43a04a7b2be95362aea,False,ok,Transformer toxicity classifier with identity ranking loss,"The solution trains a bidirectional Transformer encoder from scratch for toxicity prediction. Comments are GPT-2 BPE tokenized, head-truncated to 256 tokens, cached, and dynamically padded; length-sorted shuffled batches reduce padding. The encoder uses token and positional embeddings, six pre-normalized self-attention/MLP blocks, masked mean and max pooling, and a joint head producing one toxicity logit plus identity logits. Training uses weighted binary cross-entropy for soft toxicity and identity targets. It also rotates through identities, samples toxic/non-toxic subgroup and background reservoirs, and adds logistic pairwise losses for subgroup, BPSN, and BNSP comparisons; EMA cell losses increase emphasis on harder ranking cells. AdamW uses selective weight decay, linear warmup followed by cosine decay, mixed precision, gradient clipping, and an EMA of model parameters. Inference batches by length and returns sigmoid toxicity probabilities from the EMA model.","[""SOURCE:30-51"", ""SOURCE:72-131"", ""SOURCE:137-194"", ""SOURCE:214-270"", ""SOURCE:281-316"", ""SOURCE:327-341""]",
jubias-pair-003-baseline-529c8229-3944-4383-ad99-83c2b9d671d1,trial0001,baseline,f12494a852020b43c29d3ee123ec5f4913dfc23f20cf8b15c7af2ee6b19352e3,False,ok,Identity-Aware Recurrent Toxicity Classifier,"The solution tokenizes lowercased comment text with a regex, builds a train-only vocabulary of up to 120,000 frequent tokens, maps unknown tokens to a reserved ID, and head-truncates sequences to 220 tokens. A learned 300-dimensional embedding with spatial dropout feeds a bidirectional LSTM followed by a bidirectional GRU. Max and masked-mean pools from both recurrent outputs are concatenated, passed through a residual ReLU/dropout dense block, and projected to toxicity plus identity-label logits. Training uses length-bucketed shuffled batches, AdamW, mixed precision, gradient scaling, norm clipping, and per-epoch learning-rate decay. The toxicity binary cross-entropy is mean-normalized sample weighted to emphasize identity-related and identity/non-toxicity combinations; unweighted auxiliary BCE trains identity heads. Inference sorts examples by length, outputs toxicity sigmoids, and averages validation predictions from the final two epochs.","[""SOURCE:31-51"", ""SOURCE:57-107"", ""SOURCE:114-150"", ""SOURCE:157-186"", ""SOURCE:212-257"", ""SOURCE:266-280""]",
jubias-pair-003-baseline-529c8229-3944-4383-ad99-83c2b9d671d1,trial0002,baseline,60b74ecd2d5c6862dd078102fedf65b68434a438cb36a25f609f62cfcd69a36a,True,ok,Identity-Aware Recurrent Toxicity Classifier,"The solution tokenizes lowercased comment text with a regex, builds a frequency vocabulary from training comments only, maps unknown tokens to a dedicated ID, and head-truncates sequences to 220 tokens. A 300-dimensional embedding layer with channel-wise spatial dropout feeds a bidirectional LSTM followed by a bidirectional GRU. Max and masked mean pooling are applied to both recurrent outputs; their concatenation is passed through a residual ReLU/dropout dense block and produces one toxicity logit plus identity-label auxiliary logits. Training uses length-bucketed shuffled batches, mixed precision, AdamW, gradient clipping, and epoch-wise multiplicative learning-rate decay. The toxicity binary cross-entropy is weighted to emphasize identity-associated and identity/toxicity-discordant examples, while unweighted BCE trains identity heads. Validation inference sorts examples by length and outputs sigmoid toxicity probabilities. Predictions from the final two epochs are averaged for the saved validation output.","[""SOURCE:31-51"", ""SOURCE:60-107"", ""SOURCE:114-150"", ""SOURCE:157-186"", ""SOURCE:212-257"", ""SOURCE:266-280""]",
jubias-pair-003-baseline-529c8229-3944-4383-ad99-83c2b9d671d1,trial0003,baseline,b067939d38758282c87084e439cc81edec503ab00e354795743a84db2ef1c2bd,True,ok,Identity-Aware Recurrent Toxicity Classifier,"The solution tokenizes lowercased comment text with a regex, builds a frequency vocabulary from training comments only, maps unknown tokens to a dedicated ID, and head-truncates sequences to 220 tokens. A learned embedding with channel-wise spatial dropout feeds a bidirectional LSTM followed by a bidirectional GRU. For both recurrent outputs, masked max and length-normalized mean pooling are concatenated; a residual ReLU/dropout dense block produces one toxicity logit and one binary auxiliary logit per identity. Training uses a mean-normalized, per-example weighted toxicity BCE loss that upweights identity-mentioning comments and identity/toxicity subgroup cases, plus unweighted BCE for identity labels. It uses AdamW, four epochs of multiplicatively decayed learning rate, mixed precision, and gradient-norm clipping. Length-bucketed shuffled batches reduce padding. Inference processes length-sorted batches, applies sigmoid to the toxicity logit, and averages validation predictions from the final two epochs.","[""SOURCE:31-52"", ""SOURCE:61-108"", ""SOURCE:115-151"", ""SOURCE:158-187"", ""SOURCE:210-258"", ""SOURCE:267-279""]",
jubias-pair-003-baseline-529c8229-3944-4383-ad99-83c2b9d671d1,trial0004,baseline,722cdcef9a023ec22c89f20e6295be5053205119d0c33c693289ebd09e0867cf,True,ok,Identity-Aware Recurrent Toxicity Classifier,"The solution tokenizes lowercased comments with a word-and-punctuation regex, builds a training-only vocabulary of the 120,000 most frequent tokens, maps unknown tokens to a reserved ID, and head-truncates sequences to 220 tokens. A 300-dimensional embedding with channel-wise spatial dropout feeds a bidirectional LSTM followed by a bidirectional GRU. It concatenates masked max and length-normalized mean pools from both recurrent outputs, applies a residual ReLU/dropout dense block, and predicts one toxicity logit plus one logit per identity attribute. Training uses mean-normalized sample weights that upweight identity-containing examples and identity/toxicity mismatches. The objective is weighted binary cross-entropy for toxicity plus equally weighted auxiliary identity BCE. AdamW uses four epochs, epochwise multiplicative learning-rate decay, mixed precision, and gradient clipping. Length-bucketed shuffled batches reduce padding. Inference sorts examples by length and returns toxicity sigmoids; final validation predictions average the last two epoch snapshots.","[""SOURCE:31-51"", ""SOURCE:60-107"", ""SOURCE:114-150"", ""SOURCE:157-186"", ""SOURCE:212-257"", ""SOURCE:266-280""]",
jubias-pair-003-baseline-529c8229-3944-4383-ad99-83c2b9d671d1,trial0005,baseline,5f32469726abd0c9f2c3a5577ab4c31b2183e590433b5161d89bd7802f23cb97,True,ok,Identity-Aware Recurrent Toxicity Classifier,"The solution tokenizes lowercased comment text with a word-and-punctuation regex, builds a training-only vocabulary of the 120,000 most frequent tokens, maps unknown tokens to a dedicated ID, and head-truncates or pads sequences to 220 tokens. A 300-dimensional embedding with channel-wise spatial dropout feeds a bidirectional LSTM followed by a bidirectional GRU. Max and masked-mean pooling are taken from both recurrent outputs, concatenated, passed through a residual ReLU/dropout dense block, and projected to one toxicity logit plus identity logits. Training uses a mean-normalized toxicity loss weight that upweights identity-associated examples and toxicity/identity mismatch groups. The objective is weighted binary cross-entropy for toxicity plus equally weighted binary cross-entropy over identity labels. AdamW uses epoch-wise multiplicative learning-rate decay, mixed precision, gradient scaling, and norm clipping. Length-bucketed shuffled batches reduce padding. At inference, sigmoid toxicity probabilities are computed in length-sorted batches and averaged across the final three epoch snapshots.","[""SOURCE:31-50"", ""SOURCE:60-107"", ""SOURCE:114-150"", ""SOURCE:157-186"", ""SOURCE:212-251"", ""SOURCE:237-257"", ""SOURCE:266-280""]",
jubias-pair-003-baseline-529c8229-3944-4383-ad99-83c2b9d671d1,trial0006,baseline,2162d9361c3b87cabb69d7d24dc33e70472842f2d0c4cc90783ea3212e3ca082,True,ok,Identity-Auxiliary Recurrent Toxicity Classifier,"The solution tokenizes lowercased comment text with a regex, builds a 300,000-token vocabulary from training comments only, maps unknown tokens to a dedicated ID, and head-truncates sequences to 220 tokens. A 300-dimensional embedding with channel-wise spatial dropout feeds a bidirectional LSTM followed by a bidirectional GRU. Max and masked mean pooling are applied to both recurrent outputs; their concatenation passes through a residual ReLU/dropout dense block and produces one toxicity logit plus identity-label auxiliary logits. Training uses length-bucketed shuffled batches, AdamW, mixed precision, gradient scaling, and gradient-norm clipping. The main binary cross-entropy is mean-normalized and upweights identity-containing examples and identity/toxicity mismatch groups; unweighted BCE trains identity heads. The learning rate decays each epoch. At inference, validation sequences are length-sorted and dynamically trimmed per batch; sigmoid toxicity probabilities from the final two epoch snapshots are averaged.","[""SOURCE:31-51"", ""SOURCE:60-107"", ""SOURCE:114-150"", ""SOURCE:157-186"", ""SOURCE:199-275""]",
jubias-pair-003-baseline-529c8229-3944-4383-ad99-83c2b9d671d1,trial0007,baseline,3570d6aa1a8f06674f1d82ed2324281d763a7aaf6879b7927e55cbe8d9a119f7,True,ok,Identity-Auxiliary Recurrent Text Classifier,"The method tokenizes lowercased comment text with a word/punctuation regex, builds a vocabulary from the 120,000 most frequent training tokens, maps unknown tokens to a dedicated ID, and head-truncates sequences to 220 tokens. A 300-dimensional learned embedding with channel-wise spatial dropout is encoded by a bidirectional LSTM followed by a bidirectional GRU. For each recurrent layer, masked max and mean pooling are concatenated; a residual ReLU/dropout dense block produces logits for toxicity and each identity attribute. Training uses length-bucketed shuffled batches, AdamW, mixed precision, gradient scaling, norm clipping, and an epoch-wise multiplicative learning-rate decay. The toxicity BCE is mean-normalized weighted to emphasize identity-containing examples and toxicity/identity mismatch groups; unweighted BCE on identity labels is added as an auxiliary loss. At inference, toxicity probabilities are sigmoid outputs, averaged across predictions from the final two epochs.","[""SOURCE:31-50"", ""SOURCE:60-107"", ""SOURCE:114-150"", ""SOURCE:157-170"", ""SOURCE:173-186"", ""SOURCE:212-251"", ""SOURCE:252-275""]",
jubias-pair-003-baseline-529c8229-3944-4383-ad99-83c2b9d671d1,trial0008,baseline,77ebf0699d9eea6a9cb7efc3772ed9434ef68174821ef3a0d6866d7852864a1b,True,ok,Identity-Aware Recurrent Toxicity Classifier,"The solution lowercases and regex-tokenizes comments, builds a 120,000-word vocabulary from training text only, maps unknown tokens to a dedicated ID, head-truncates sequences to 220 tokens, and pads them. It pretrains 300-dimensional embeddings on training sequences using skip-gram negative sampling with frequency-based subsampling and a 0.75-power noise distribution. A spatially dropped embedding sequence passes through a bidirectional LSTM and then a bidirectional GRU. Max and masked-mean pooling from both recurrent outputs are concatenated, processed by a residual ReLU/dropout dense block, and projected to toxicity plus identity logits. Training uses weighted binary cross-entropy for toxicity and unweighted BCE for identity auxiliaries. Weights emphasize identity-bearing examples and toxicity/identity mismatch groups, then are mean-normalized. AdamW uses mixed precision, gradient scaling, norm clipping, length-bucketed shuffled batches, and epoch-wise multiplicative learning-rate decay. Inference applies sigmoid to toxicity logits and averages validation predictions from the final two epochs.","[""SOURCE:31-57"", ""SOURCE:66-113"", ""SOURCE:120-173"", ""SOURCE:180-216"", ""SOURCE:223-252"", ""SOURCE:278-295"", ""SOURCE:299-345""]",
jubias-pair-003-baseline-529c8229-3944-4383-ad99-83c2b9d671d1,trial0009,baseline,4cf8fe6f21fdcc2191303e4b134a6a4c75b25071b468e5a2cef98faa1b0fd75d,True,ok,Word2Vec BiLSTM-GRU Toxicity Classifier,"The solution tokenizes lowercased comment text with a regex, builds a train-only vocabulary of the 120,000 most frequent tokens, maps unknown tokens to a dedicated ID, and head-truncates sequences to 220 tokens. It pretrains 300-dimensional word embeddings on training comments using skip-gram negative sampling with frequency-based subsampling, then freezes normalized embeddings. A spatial-dropout embedding layer feeds a bidirectional LSTM followed by a bidirectional GRU. Masked max and length-normalized mean pooling from both recurrent outputs are concatenated, processed by a residual ReLU/dropout dense block, and projected to one toxicity logit plus identity logits. Training uses mean-normalized identity-aware toxicity weights and unweighted auxiliary binary cross-entropy for identity labels. AdamW, mixed precision gradient scaling, gradient clipping, epoch-wise learning-rate decay, and length-bucketed shuffled batches are used. Validation inference applies sigmoid to toxicity logits and averages predictions from the final two epochs.","[""SOURCE:31-58"", ""SOURCE:67-114"", ""SOURCE:121-174"", ""SOURCE:181-217"", ""SOURCE:224-253"", ""SOURCE:279-355""]",
jubias-pair-003-baseline-529c8229-3944-4383-ad99-83c2b9d671d1,trial0010,baseline,bdc70702cfd32a4bc9f4031799547e63ce8e7c830f165437ea35e537e944b8ed,True,ok,Word2Vec BiLSTM-GRU Toxicity Classifier,"The solution tokenizes lowercased comments with a regex, builds a frequency vocabulary from training text only, maps unknown tokens to a dedicated ID, and head-truncates sequences to 220 tokens. It first trains 300-dimensional skip-gram embeddings on training tokens using negative sampling, frequency-based subsampling, and linearly decayed Adam learning rates. A model applies embedding spatial dropout, a bidirectional LSTM followed by a bidirectional GRU, then masked max and mean pooling from both recurrent outputs. Concatenated pooled features pass through a residual ReLU/dropout dense block and produce one toxicity logit plus identity logits. Toxicity BCE is weighted to emphasize identity-related and identity/non-toxicity combinations; auxiliary identity BCE is added equally. Training uses length-bucketed shuffled batches, AdamW with epoch-wise learning-rate decay, mixed precision, gradient scaling, and norm clipping. Inference sigmoid-transforms the toxicity logit and averages validation predictions from the final two epochs.","[""SOURCE:31-57"", ""SOURCE:66-113"", ""SOURCE:120-173"", ""SOURCE:192-216"", ""SOURCE:223-252"", ""SOURCE:278-345""]",
jubias-pair-003-baseline-529c8229-3944-4383-ad99-83c2b9d671d1,trial0011,baseline,34492fe0ad115851abaf735953f4e4d4b107895f988e0ed01394619d1d2acb78,True,ok,Identity-Aware Recurrent Toxicity Classifier,"The solution tokenizes lowercased comments with a word-and-punctuation regex, builds a frequency vocabulary from training text only, maps unknown tokens to a dedicated ID, and head-truncates sequences to 220 tokens. It pretrains 300-dimensional embeddings on training tokens using skip-gram negative sampling with frequency-based subsampling. The classifier applies embedding spatial dropout, a bidirectional LSTM followed by a bidirectional GRU, then concatenates masked max and mean pools from both recurrent outputs. A residual ReLU/dropout dense block produces one toxicity logit and one auxiliary sigmoid logit per identity. Training uses length-bucketed shuffled batches, AdamW, mixed precision, gradient clipping, and epochwise multiplicative learning-rate decay. The main binary cross-entropy is mean-normalized and upweights identity-containing, toxicity/non-identity, and non-toxic/identity rows; unweighted identity BCE is added as auxiliary loss. Inference sorts by length, dynamically truncates batch width, and averages toxicity probabilities from the final two epochs.","[""SOURCE:31-57"", ""SOURCE:66-113"", ""SOURCE:120-173"", ""SOURCE:180-216"", ""SOURCE:223-252"", ""SOURCE:278-327"", ""SOURCE:336-348""]",
jubias-pair-003-baseline-529c8229-3944-4383-ad99-83c2b9d671d1,trial0012,baseline,713e73615e6b573450c39092fceec916e922980fc4047952277becf4cf127f32,True,ok,Identity-Aware Recurrent Text Classifier,"Comments are lowercased and tokenized into words, contractions and punctuation. A vocabulary of the 120,000 most frequent training tokens is built; sequences are head-truncated to 220 tokens, with padding and unknown IDs. Embeddings are initialized from skip-gram negative-sampling word2vec trained on training text, using frequency-based subsampling. Spatially dropped embeddings pass through a bidirectional LSTM then bidirectional GRU. Max and masked-mean pools from both recurrent outputs are concatenated, processed by a residual ReLU/dropout dense block, and mapped to toxicity plus identity logits. The main binary cross-entropy is sample-weighted to emphasize identity-associated and identity/toxicity mismatch cases; unweighted BCE over identity labels is added. AdamW uses four epochs, epoch-wise learning-rate decay, mixed precision, and gradient clipping. Length-bucketed shuffled batches reduce padding. Inference returns sigmoid toxicity predictions and averages predictions from the final two epochs.","[""SOURCE:31-57"", ""SOURCE:66-113"", ""SOURCE:120-173"", ""SOURCE:180-216"", ""SOURCE:223-236"", ""SOURCE:278-300"", ""SOURCE:307-345""]",
jubias-pair-003-baseline-529c8229-3944-4383-ad99-83c2b9d671d1,trial0013,baseline,432a6cfcdae4deabae72bcd8e8e2cbd5f6d8faee39989257c651f66048e27570,True,ok,Word2vec BiLSTM-GRU toxicity classifier,"Comments are lowercased, regex-tokenized, and truncated to 220 tokens. A vocabulary of the 120,000 most frequent training tokens is built; padding and unknown IDs are reserved. Embeddings are pretrained on training text with skip-gram negative sampling, frequency-based subsampling, and a decayed Adam learning rate. The classifier applies embedding spatial dropout, a bidirectional LSTM followed by a bidirectional GRU, then masked max and mean pooling from both recurrent outputs. Concatenated pooled features pass through a residual ReLU/dropout dense block to produce toxicity and identity logits. Toxicity uses weighted binary cross-entropy, upweighting identity-containing comments and toxicity/identity mismatch groups; identity labels use auxiliary binary cross-entropy. Three seed-specific models train for four epochs with AdamW, epoch-wise learning-rate decay, mixed precision, and gradient clipping. Length-bucketed shuffled batches reduce padding. Inference averages sigmoid toxicity predictions across the final two epoch snapshots of each model and then across models.","[""SOURCE:31-58"", ""SOURCE:64-114"", ""SOURCE:117-174"", ""SOURCE:181-217"", ""SOURCE:224-253"", ""SOURCE:276-355""]",
jubias-pair-003-baseline-529c8229-3944-4383-ad99-83c2b9d671d1,trial0014,baseline,cc602896d7fcd36124639a9a73cc81fe5868412fae4d1dfd63ac0783e6b20165,True,ok,Identity-Aware Recurrent Toxicity Classifier,"The solution tokenizes lowercased comments with a word-and-punctuation regex, builds a frequency-limited vocabulary from training text, and head-truncates/pads sequences to 220 tokens. It first trains 300-dimensional skip-gram word embeddings on training tokens using negative sampling, unigram^0.75 noise sampling, frequent-word subsampling, and linearly decayed Adam learning rates. A neural classifier initializes its embedding table from these vectors, applies spatial embedding dropout, then a bidirectional LSTM followed by a bidirectional GRU. It concatenates masked max and mean pools from both recurrent outputs, applies a residual dense ReLU/dropout block, and predicts toxicity plus identity labels. Training uses length-bucketed shuffled batches, AdamW, mixed precision, gradient scaling and norm clipping. The toxicity BCE loss is mean-normalized sample-weighted to emphasize identity and identity/toxicity mismatch cases; auxiliary identity BCE is added equally. Inference sigmoids toxicity logits and averages predictions from the last two epochs.","[""SOURCE:31-58"", ""SOURCE:67-114"", ""SOURCE:121-174"", ""SOURCE:193-217"", ""SOURCE:224-253"", ""SOURCE:279-285"", ""SOURCE:293-347""]",
jubias-pair-003-baseline-529c8229-3944-4383-ad99-83c2b9d671d1,trial0015,baseline,e01b950ad18d7587073a9c3267748816b547266d2338bec55203e6fb3828e626,True,ok,Identity-Aware Recurrent Toxicity Classifier,"The solution lowercases and regex-tokenizes comments, builds a frequency vocabulary from training text only, maps tokens to IDs with padding/unknown symbols, and head-truncates sequences to 220 tokens. It pretrains 300-dimensional embeddings on training sequences using skip-gram negative sampling with frequency-based subsampling. The classifier applies embedding spatial dropout, a bidirectional LSTM followed by a bidirectional GRU, then concatenates max and masked-mean pools from both recurrent outputs with attention pooling from the GRU output. A residual dense ReLU/dropout block feeds one toxicity logit and one sigmoid-trained auxiliary logit per identity. Main binary cross-entropy is weighted to emphasize identity-associated and identity/toxicity-discordant examples; auxiliary identity BCE is added equally. Training uses length-bucketed shuffled batches, AdamW, mixed precision, per-epoch learning-rate decay, gradient clipping, and four epochs. Inference sigmoid-transforms the main logit and averages predictions from the final two epoch snapshots.","[""SOURCE:31-58"", ""SOURCE:67-114"", ""SOURCE:121-174"", ""SOURCE:181-220"", ""SOURCE:227-256"", ""SOURCE:282-287"", ""SOURCE:309-350""]",
jubias-pair-003-baseline-529c8229-3944-4383-ad99-83c2b9d671d1,trial0016,baseline,c9df7eafd7cc9bdd21fee5448d5bff0e8b62be0a479080b5c9d20b0cf94d3237,True,ok,Identity-Aware Recurrent Toxicity Classifier,"The solution tokenizes lowercased comments with a word-and-punctuation regex, builds a 120,000-token vocabulary from training comments only, and head-truncates sequences to 220 tokens. It pretrains 300-dimensional word embeddings on training tokens using skip-gram negative sampling with frequency subsampling. A six-seed ensemble uses embedding spatial dropout, a bidirectional LSTM followed by a bidirectional GRU, max and mean pooling from both recurrent outputs, and attention pooling from the GRU output. Concatenated features pass through a residual dense ReLU/dropout block to toxicity and identity logits. Training uses mean-normalized identity-aware weights for the toxicity binary cross-entropy, plus unweighted binary cross-entropy over identity auxiliary labels. AdamW, mixed precision, gradient clipping, epochwise learning-rate decay, and length-bucketed shuffled batches are used. Each model averages predictions from its final two epochs; final toxicity probabilities are averaged across models.","[""SOURCE:31-58"", ""SOURCE:67-114"", ""SOURCE:121-174"", ""SOURCE:193-220"", ""SOURCE:227-256"", ""SOURCE:282-288"", ""SOURCE:300-358""]",
jubias-pair-003-baseline-529c8229-3944-4383-ad99-83c2b9d671d1,trial0017,baseline,29c892281d4e9091edb509c9f79c17e3cf961e6d4173b340aac4d00123bfe2e0,True,ok,Word-level recurrent toxicity classifier,"Comments are lowercased and regex-tokenized; a vocabulary of the 120,000 most frequent training tokens is built, with unknown and padding IDs. Sequences are head-truncated to 220 tokens. Training-text embeddings are initialized by skip-gram negative-sampling pretraining with a five-token window, frequency-based subsampling, and a unigram-to-the-0.75 negative distribution. Each classifier uses spatial embedding dropout, a bidirectional LSTM, then a bidirectional GRU or, for alternating ensemble members, LSTM. Max and masked-mean pooling from both recurrent layers plus attention pooling from the second layer are concatenated, passed through a residual dense ReLU/dropout block, and mapped to toxicity and identity logits. Main binary cross-entropy is mean-normalized and upweights identity-bearing and identity/toxicity mismatch examples; auxiliary identity BCE is added. AdamW, mixed precision, gradient clipping, length-bucketed batches, and epochwise learning-rate decay are used. Seven seeded models average predictions from their last two epochs, then average across models.","[""SOURCE:31-59"", ""SOURCE:68-115"", ""SOURCE:122-175"", ""SOURCE:194-221"", ""SOURCE:228-241"", ""SOURCE:283-289"", ""SOURCE:301-359""]",
